hora,pct_bolsonaro,validos
17:00,14.28,2872
17:01,25.98,5331
17:02,23.95,6091
17:03,23.41,7406
17:04,23.09,8056
17:05,26.16,9561
17:06,30.64,12761
17:07,36.4,21203
17:08,41.64,34062
17:09,46.4,62806
17:10,50.85,118660
17:11,53.93,215413
17:12,57.19,383524
17:13,59.12,624363
17:14,60.17,941882
17:15,61.69,1494305
17:16,62.14,2050415
17:17,62.27,2610236
17:18,62.36,3210030
17:19,62.39,3807888
17:20,62.28,4461220
17:21,62.25,5180127
17:22,61.94,5931115
17:23,61.83,6791546
17:24,61.68,7691862
17:25,61.51,8592463
17:26,61.26,9532615
17:27,60.98,10505394
17:28,60.76,11482160
17:29,60.51,12528782
17:30,60.39,13685397
17:31,60.22,14735318
17:32,60.04,15821952
17:33,59.77,16908977
17:34,59.57,18008218
17:35,59.37,19201480
17:36,59.19,20306488
17:37,59.06,21459087
17:38,58.91,22587533
17:39,58.66,23741539
17:40,58.59,24983867
17:41,58.53,26089516
17:42,58.44,27464777
17:43,58.36,28788087
17:44,58.31,29963271
17:45,58.2,31173851
17:46,58.13,32471074
17:47,58.08,33748665
17:48,58.03,34965259
17:49,57.9,36163350
17:50,57.81,37530877
17:51,57.71,38901845
17:52,57.65,40182039
17:53,57.58,41457244
17:54,57.5,42670301
17:55,57.41,43855096
17:56,57.31,45144810
17:57,57.26,46441685
17:58,57.21,47641237
17:59,57.14,48950957
18:00,57.07,50114793
18:01,57.02,51413238
18:02,56.97,52725600
18:03,56.97,53899126
18:04,56.93,55080339
18:05,56.88,56153493
18:06,56.87,57296682
18:07,56.8,58585338
18:08,56.81,59787764
18:09,56.78,60942500
18:10,56.74,62077845
18:11,56.73,63257147
18:12,56.66,64446947
18:13,56.64,65674370
18:14,56.59,66759828
18:15,56.55,67897583
18:16,56.51,69032260
18:17,56.5,70071892
18:18,56.5,71151540
18:19,56.51,72135402
18:20,56.5,73283229
18:21,56.47,74273505
18:22,56.47,75220020
18:23,56.43,76099366
18:24,56.4,77075875
18:25,56.37,77888072
18:26,56.36,78684120
18:27,56.35,79549619
18:28,56.34,80368930
18:29,56.32,81206116
18:30,56.3,82031197
18:31,56.27,82722835
18:32,56.24,83455326
18:33,56.21,84239970
18:34,56.19,84994589
18:35,56.18,85737783
18:36,56.15,86429764
18:37,56.13,87064780
18:38,56.1,87745935
18:39,56.09,88444810
18:40,56.08,89006768
18:41,56.08,89575464
18:42,56.05,90062509
18:43,56.03,90544425
18:44,56.01,90998064
18:45,56,91501784
18:46,55.99,92032383
18:47,55.98,92474470
18:48,55.96,92916317
18:49,55.94,93447432
18:50,55.92,93876037
18:51,55.9,94304377
18:52,55.87,94808313
18:53,55.85,95217763
18:54,55.84,95642388
18:55,55.82,96123887
18:56,55.8,96424159
18:57,55.79,96739244
18:58,55.78,97043144
18:59,55.75,97358543
19:00,55.73,97652574
19:01,55.72,97953665
19:02,55.7,98249289
19:03,55.69,98460014
19:04,55.69,98676628
19:05,55.68,98907133
19:06,55.67,99140898
19:07,55.67,99307767
19:08,55.67,99540804
19:09,55.66,99772268
19:10,55.64,100038641
19:11,55.63,100259152
19:12,55.62,100427642
19:13,55.61,100604583
19:14,55.61,100783963
19:15,55.6,100925021
19:16,55.59,101086985
19:17,55.59,101277549
19:18,55.58,101417764
19:19,55.57,101583130
19:20,55.57,101718381
19:21,55.56,101839590
19:22,55.55,101953146
19:23,55.55,102041637
19:24,55.55,102172511
19:25,55.54,102295346
19:26,55.54,102380929
19:27,55.53,102459428
19:28,55.52,102525670
19:29,55.51,102622942
19:30,55.5,102698219
19:31,55.49,102754842
19:32,55.48,102813549
19:33,55.47,102893864
19:34,55.46,102971625
19:35,55.45,103033363
19:36,55.45,103118997
19:37,55.45,103197104
19:38,55.45,103255422
19:39,55.44,103328957
19:40,55.43,103385556
19:41,55.43,103434861
19:42,55.42,103468566
19:43,55.42,103497600
19:44,55.41,103558581
19:45,55.4,103605910
19:46,55.4,103640780
19:47,55.39,103691296
19:48,55.38,103727631
19:49,55.37,103769223
19:50,55.37,103808784
19:51,55.37,103855481
19:52,55.36,103894915
19:53,55.35,103916115
19:54,55.34,103943915
19:55,55.33,103972365
19:56,55.33,103990430
19:57,55.33,104020457
19:58,55.32,104044364
19:59,55.31,104085598
20:00,55.31,104104437
20:01,55.3,104128640
20:02,55.3,104146761
20:03,55.29,104163912
20:04,55.29,104178938
20:05,55.28,104212295
20:06,55.28,104232023
20:07,55.27,104246742
20:08,55.27,104275329
20:09,55.26,104296014
20:10,55.26,104314508
20:11,55.25,104343841
20:12,55.25,104352200
20:13,55.25,104367527
20:14,55.24,104380670
20:15,55.24,104393248
20:16,55.24,104397682
20:17,55.23,104416418
20:18,55.23,104429720
20:19,55.23,104440534
20:20,55.22,104457645
20:21,55.22,104478694
20:22,55.22,104485231
20:23,55.22,104496607
20:24,55.21,104508506
20:25,55.21,104520371
20:26,55.21,104527281
20:27,55.21,104544509
20:28,55.21,104549437
20:29,55.2,104559263
20:30,55.2,104567930
20:31,55.2,104574018
20:32,55.2,104583258
20:33,55.2,104584617
20:34,55.2,104588378
20:35,55.2,104591365
20:36,55.19,104594789
20:37,55.19,104610217
20:38,55.19,104627037
20:39,55.18,104633919
20:40,55.18,104640812
20:41,55.18,104647552
20:42,55.18,104650017
20:43,55.18,104656371
20:44,55.17,104661685
20:45,55.17,104671943
20:46,55.17,104674343
20:47,55.17,104682930
20:48,55.17,104701283
20:49,55.16,104703752
20:50,55.16,104704300
20:51,55.16,104707747
20:52,55.16,104716466
20:53,55.16,104726108
20:54,55.16,104730162
20:55,55.16,104734463
20:56,55.16,104737508
20:57,55.16,104743750
20:58,55.15,104749101
20:59,55.15,104759244
21:00,55.15,104760137
21:01,55.15,104760451
21:02,55.15,104762091
21:03,55.15,104765460
21:04,55.15,104768956
21:05,55.15,104769618
21:06,55.15,104770877
21:07,55.15,104770983
21:08,55.15,104772257
21:09,55.15,104773130
21:10,55.15,104777276
21:11,55.14,104781119
21:12,55.14,104781554
21:13,55.14,104781818
21:14,55.14,104788572
21:15,55.14,104794200
21:16,55.14,104795688
21:17,55.14,104796818
21:18,55.14,104801626
21:20,55.14,104801700
21:21,55.14,104804295
21:22,55.14,104804348
21:23,55.14,104805277
21:24,55.14,104805686
21:25,55.14,104806083
21:26,55.14,104806191
21:27,55.14,104806809
21:28,55.14,104806971
21:30,55.14,104807300
21:31,55.14,104807864
21:32,55.14,104807938
21:34,55.14,104809292
21:35,55.14,104810058
21:38,55.14,104810131
21:39,55.14,104810310
21:40,55.14,104810617
21:42,55.14,104810824
21:43,55.14,104810967
21:44,55.14,104811107
21:45,55.13,104813810
21:47,55.13,104814014
21:48,55.14,104815596
21:49,55.13,104816654
21:50,55.13,104817070
21:51,55.13,104818661
21:52,55.13,104819188
21:54,55.13,104821930
21:55,55.13,104822560
21:56,55.13,104822989
21:57,55.13,104823174
21:59,55.13,104823960
22:00,55.13,104824596
22:03,55.13,104824786
22:04,55.13,104825583
22:06,55.13,104825681
22:08,55.13,104827464
22:14,55.13,104827532
22:15,55.13,104827860
22:16,55.13,104829648
22:19,55.13,104830754
22:21,55.13,104830866
22:22,55.13,104831599
22:24,55.13,104831778
22:28,55.13,104832847
22:29,55.13,104833466
22:30,55.13,104833802
22:32,55.13,104834293
22:33,55.13,104834466
22:34,55.13,104836340
22:38,55.13,104836561
23:02,55.13,104836699
23:06,55.13,104836976
23:45,55.13,104837117
23:58,55.13,104837796
02:10+1,55.13,104837997
04:40+1,55.13,104838275
08:33+1,55.13,104838325
13:45+1,55.13,104838690
14:57+1,55.13,104838717
15:21+1,55.13,104838753
