ano,turno,aptos,comparecimento,abstencoes,pct_abstencao,brancos,nulos,validos
2002,1,115253816,94805583,20448233,17.74,2873753,6976685,84952512
2002,2,115253816,91664259,23589188,20.47,1727760,3772138,86164103
2006,1,125913235,104820459,21092675,16.75,2866205,5938645,95996733
2006,2,125913235,101998221,23914714,18.99,1351448,4789677,95838220
2010,1,135804433,111193747,24610296,18.12,3479340,6124254,101590153
2010,2,135804433,106606214,29197152,21.5,2452597,4689428,99463917
2014,1,142822046,115122883,27698475,19.39,4420489,6678592,104023802
2014,2,142822046,112683879,30137479,21.1,1921819,5219787,105542273
2018,1,147306295,117364654,29941171,20.33,3106937,7206222,107050749
2018,2,147306294,115933451,31372373,21.3,2486593,8608105,104838753
2022,1,156454011,123682372,32770982,20.95,1964779,3487874,118229719
2022,2,156454011,124252796,32200558,20.58,1769678,3930765,118552353
