ano,turno,uf,numero,partido,votos
2002,1,AC,13,PT,123999
2002,1,AC,16,PSTU,366
2002,1,AC,23,PPS,43995
2002,1,AC,29,PCO,50
2002,1,AC,40,PSB,46229
2002,1,AC,45,PSDB,50250
2002,1,AL,13,PT,307751
2002,1,AL,16,PSTU,3329
2002,1,AL,23,PPS,168925
2002,1,AL,29,PCO,427
2002,1,AL,40,PSB,281015
2002,1,AL,45,PSDB,314739
2002,1,AM,13,PT,530246
2002,1,AM,16,PSTU,5216
2002,1,AM,23,PPS,160132
2002,1,AM,29,PCO,296
2002,1,AM,40,PSB,249007
2002,1,AM,45,PSDB,166145
2002,1,AP,13,PT,116507
2002,1,AP,16,PSTU,1134
2002,1,AP,23,PPS,34007
2002,1,AP,29,PCO,62
2002,1,AP,40,PSB,61026
2002,1,AP,45,PSDB,20537
2002,1,BA,13,PT,2899280
2002,1,BA,16,PSTU,15847
2002,1,BA,23,PPS,738949
2002,1,BA,29,PCO,2942
2002,1,BA,40,PSB,703738
2002,1,BA,45,PSDB,884291
2002,1,CE,13,PT,1353339
2002,1,CE,16,PSTU,4456
2002,1,CE,23,PPS,1529623
2002,1,CE,29,PCO,652
2002,1,CE,40,PSB,256879
2002,1,CE,45,PSDB,293425
2002,1,DF,13,PT,592977
2002,1,DF,16,PSTU,6684
2002,1,DF,23,PPS,184558
2002,1,DF,29,PCO,797
2002,1,DF,40,PSB,220989
2002,1,DF,45,PSDB,202410
2002,1,ES,13,PT,717646
2002,1,ES,16,PSTU,8140
2002,1,ES,23,PPS,114308
2002,1,ES,29,PCO,1177
2002,1,ES,40,PSB,436028
2002,1,ES,45,PSDB,334697
2002,1,GO,13,PT,1069398
2002,1,GO,16,PSTU,8907
2002,1,GO,23,PPS,259088
2002,1,GO,29,PCO,827
2002,1,GO,40,PSB,493038
2002,1,GO,45,PSDB,709025
2002,1,MA,13,PT,843132
2002,1,MA,16,PSTU,5985
2002,1,MA,23,PPS,455860
2002,1,MA,29,PCO,788
2002,1,MA,40,PSB,508006
2002,1,MA,45,PSDB,248621
2002,1,MG,13,PT,4990085
2002,1,MG,16,PSTU,43881
2002,1,MG,23,PPS,862231
2002,1,MG,29,PCO,6264
2002,1,MG,40,PSB,1359073
2002,1,MG,45,PSDB,2151597
2002,1,MS,13,PT,446438
2002,1,MS,16,PSTU,4144
2002,1,MS,23,PPS,145271
2002,1,MS,29,PCO,393
2002,1,MS,40,PSB,170957
2002,1,MS,45,PSDB,308905
2002,1,MT,13,PT,509151
2002,1,MT,16,PSTU,2585
2002,1,MT,23,PPS,181028
2002,1,MT,29,PCO,314
2002,1,MT,40,PSB,187598
2002,1,MT,45,PSDB,372068
2002,1,PA,13,PT,1070416
2002,1,PA,16,PSTU,7584
2002,1,PA,23,PPS,269687
2002,1,PA,29,PCO,496
2002,1,PA,40,PSB,510470
2002,1,PA,45,PSDB,673488
2002,1,PB,13,PT,754329
2002,1,PB,16,PSTU,3863
2002,1,PB,23,PPS,138789
2002,1,PB,29,PCO,666
2002,1,PB,40,PSB,215207
2002,1,PB,45,PSDB,466346
2002,1,PE,13,PT,1657476
2002,1,PE,16,PSTU,8838
2002,1,PE,23,PPS,235145
2002,1,PE,29,PCO,922
2002,1,PE,40,PSB,651445
2002,1,PE,45,PSDB,1015496
2002,1,PI,13,PT,616157
2002,1,PI,16,PSTU,1937
2002,1,PI,23,PPS,196157
2002,1,PI,29,PCO,424
2002,1,PI,40,PSB,141624
2002,1,PI,45,PSDB,358986
2002,1,PR,13,PT,2540328
2002,1,PR,16,PSTU,25900
2002,1,PR,23,PPS,409135
2002,1,PR,29,PCO,2044
2002,1,PR,40,PSB,722438
2002,1,PR,45,PSDB,1367384
2002,1,RJ,13,PT,3284258
2002,1,RJ,16,PSTU,59244
2002,1,RJ,23,PPS,657725
2002,1,RJ,29,PCO,4696
2002,1,RJ,40,PSB,3449001
2002,1,RJ,45,PSDB,721081
2002,1,RN,13,PT,581544
2002,1,RN,16,PSTU,3720
2002,1,RN,23,PPS,218880
2002,1,RN,29,PCO,514
2002,1,RN,40,PSB,229896
2002,1,RN,45,PSDB,296856
2002,1,RO,13,PT,283279
2002,1,RO,16,PSTU,2785
2002,1,RO,23,PPS,60663
2002,1,RO,29,PCO,170
2002,1,RO,40,PSB,154074
2002,1,RO,45,PSDB,128000
2002,1,RR,13,PT,71952
2002,1,RR,16,PSTU,693
2002,1,RR,23,PPS,28063
2002,1,RR,29,PCO,140
2002,1,RR,40,PSB,39974
2002,1,RR,45,PSDB,19195
2002,1,RS,13,PT,2667451
2002,1,RS,16,PSTU,21930
2002,1,RS,23,PPS,588560
2002,1,RS,29,PCO,2729
2002,1,RS,40,PSB,709904
2002,1,RS,45,PSDB,1913186
2002,1,SC,13,PT,1719739
2002,1,SC,16,PSTU,18678
2002,1,SC,23,PPS,217695
2002,1,SC,29,PCO,1423
2002,1,SC,40,PSB,373683
2002,1,SC,45,PSDB,707239
2002,1,SE,13,PT,357557
2002,1,SE,16,PSTU,4324
2002,1,SE,23,PPS,133887
2002,1,SE,29,PCO,360
2002,1,SE,40,PSB,151155
2002,1,SE,45,PSDB,160348
2002,1,SP,13,PT,9106914
2002,1,SP,16,PSTU,130981
2002,1,SP,23,PPS,2087617
2002,1,SP,29,PCO,8814
2002,1,SP,40,PSB,2781712
2002,1,SP,45,PSDB,5633365
2002,1,TO,13,PT,225291
2002,1,TO,16,PSTU,881
2002,1,TO,23,PPS,46562
2002,1,TO,29,PCO,130
2002,1,TO,40,PSB,72256
2002,1,TO,45,PSDB,177547
2002,1,ZZ,13,PT,18593
2002,1,ZZ,16,PSTU,204
2002,1,ZZ,23,PPS,4342
2002,1,ZZ,29,PCO,102
2002,1,ZZ,40,PSB,3675
2002,1,ZZ,45,PSDB,10218
2002,2,AC,13,PT,140363
2002,2,AC,45,PSDB,93803
2002,2,AL,13,PT,477009
2002,2,AL,45,PSDB,616902
2002,2,AM,13,PT,722034
2002,2,AM,45,PSDB,311175
2002,2,AP,13,PT,171850
2002,2,AP,45,PSDB,55723
2002,2,BA,13,PT,3710900
2002,2,BA,45,PSDB,1937780
2002,2,CE,13,PT,2497143
2002,2,CE,45,PSDB,981609
2002,2,DF,13,PT,777708
2002,2,DF,45,PSDB,471485
2002,2,ES,13,PT,944172
2002,2,ES,45,PSDB,646494
2002,2,GO,13,PT,1424236
2002,2,GO,45,PSDB,1071070
2002,2,MA,13,PT,1229559
2002,2,MA,45,PSDB,872880
2002,2,MG,13,PT,6384690
2002,2,MG,45,PSDB,3223960
2002,2,MS,13,PT,593939
2002,2,MS,45,PSDB,483196
2002,2,MT,13,PT,649100
2002,2,MT,45,PSDB,542695
2002,2,PA,13,PT,1317472
2002,2,PA,45,PSDB,1184624
2002,2,PB,13,PT,984944
2002,2,PB,45,PSDB,742486
2002,2,PE,13,PT,2198673
2002,2,PE,45,PSDB,1654132
2002,2,PI,13,PT,825257
2002,2,PI,45,PSDB,533603
2002,2,PR,13,PT,2929427
2002,2,PR,45,PSDB,2017198
2002,2,RJ,13,PT,6318104
2002,2,RJ,45,PSDB,1682472
2002,2,RN,13,PT,781947
2002,2,RN,45,PSDB,551628
2002,2,RO,13,PT,334264
2002,2,RO,45,PSDB,267320
2002,2,RR,13,PT,104087
2002,2,RR,45,PSDB,54692
2002,2,RS,13,PT,3297354
2002,2,RS,45,PSDB,2608109
2002,2,SC,13,PT,1914684
2002,2,SC,45,PSDB,1070502
2002,2,SE,13,PT,490989
2002,2,SE,45,PSDB,362923
2002,2,SP,13,PT,11264282
2002,2,SP,45,PSDB,9073187
2002,2,TO,13,PT,288405
2002,2,TO,45,PSDB,245349
2002,2,ZZ,13,PT,20772
2002,2,ZZ,45,PSDB,13742
2006,1,AC,12,PDT,3617
2006,1,AC,13,PT,133221
2006,1,AC,17,PSL,70
2006,1,AC,27,PSDC,236
2006,1,AC,44,PRP,491
2006,1,AC,45,PSDB,161889
2006,1,AC,50,PSOL,13082
2006,1,AL,12,PDT,27172
2006,1,AL,13,PT,625162
2006,1,AL,17,PSL,649
2006,1,AL,27,PSDC,380
2006,1,AL,44,PRP,2073
2006,1,AL,45,PSDB,506722
2006,1,AL,50,PSOL,178557
2006,1,AM,12,PDT,36329
2006,1,AM,13,PT,1070656
2006,1,AM,17,PSL,665
2006,1,AM,27,PSDC,788
2006,1,AM,44,PRP,1806
2006,1,AM,45,PSDB,170785
2006,1,AM,50,PSOL,90479
2006,1,AP,12,PDT,9157
2006,1,AP,13,PT,160675
2006,1,AP,17,PSL,182
2006,1,AP,27,PSDC,166
2006,1,AP,44,PRP,418
2006,1,AP,45,PSDB,95070
2006,1,AP,50,PSOL,29711
2006,1,BA,12,PDT,174313
2006,1,BA,13,PT,4293200
2006,1,BA,17,PSL,5319
2006,1,BA,27,PSDC,5565
2006,1,BA,44,PRP,9851
2006,1,BA,45,PSDB,1676484
2006,1,BA,50,PSOL,276325
2006,1,CE,12,PDT,78353
2006,1,CE,13,PT,2852895
2006,1,CE,17,PSL,4341
2006,1,CE,27,PSDC,2633
2006,1,CE,44,PRP,5664
2006,1,CE,45,PSDB,912726
2006,1,CE,50,PSOL,148886
2006,1,DF,12,PDT,82854
2006,1,DF,13,PT,499407
2006,1,DF,17,PSL,1518
2006,1,DF,27,PSDC,1718
2006,1,DF,44,PRP,2367
2006,1,DF,45,PSDB,594521
2006,1,DF,50,PSOL,165420
2006,1,ES,12,PDT,66097
2006,1,ES,13,PT,953609
2006,1,ES,17,PSL,992
2006,1,ES,27,PSDC,927
2006,1,ES,44,PRP,2805
2006,1,ES,45,PSDB,668792
2006,1,ES,50,PSOL,107172
2006,1,GO,12,PDT,51445
2006,1,GO,13,PT,1143122
2006,1,GO,17,PSL,1485
2006,1,GO,27,PSDC,1372
2006,1,GO,44,PRP,3907
2006,1,GO,45,PSDB,1465628
2006,1,GO,50,PSOL,179102
2006,1,MA,12,PDT,72815
2006,1,MA,13,PT,2128103
2006,1,MA,17,PSL,1779
2006,1,MA,27,PSDC,1383
2006,1,MA,44,PRP,3605
2006,1,MA,45,PSDB,530164
2006,1,MA,50,PSOL,80749
2006,1,MG,12,PDT,272152
2006,1,MG,13,PT,5192439
2006,1,MG,17,PSL,5236
2006,1,MG,27,PSDC,5164
2006,1,MG,44,PRP,14155
2006,1,MG,45,PSDB,4151507
2006,1,MG,50,PSOL,579920
2006,1,MS,12,PDT,24245
2006,1,MS,13,PT,439965
2006,1,MS,17,PSL,486
2006,1,MS,27,PSDC,520
2006,1,MS,44,PRP,1551
2006,1,MS,45,PSDB,687583
2006,1,MS,50,PSOL,68112
2006,1,MT,12,PDT,31457
2006,1,MT,13,PT,557244
2006,1,MT,17,PSL,673
2006,1,MT,27,PSDC,895
2006,1,MT,44,PRP,1846
2006,1,MT,45,PSDB,790320
2006,1,MT,50,PSOL,59201
2006,1,PA,12,PDT,53059
2006,1,PA,13,PT,1631569
2006,1,PA,17,PSL,1262
2006,1,PA,27,PSDC,1445
2006,1,PA,44,PRP,3626
2006,1,PA,45,PSDB,1310437
2006,1,PA,50,PSOL,149278
2006,1,PB,12,PDT,45397
2006,1,PB,13,PT,1258341
2006,1,PB,17,PSL,1453
2006,1,PB,27,PSDC,1144
2006,1,PB,44,PRP,2926
2006,1,PB,45,PSDB,537042
2006,1,PB,50,PSOL,80351
2006,1,PE,12,PDT,90445
2006,1,PE,13,PT,2993618
2006,1,PE,17,PSL,6321
2006,1,PE,27,PSDC,2298
2006,1,PE,44,PRP,4966
2006,1,PE,45,PSDB,964730
2006,1,PE,50,PSOL,157966
2006,1,PI,12,PDT,30812
2006,1,PI,13,PT,1055600
2006,1,PI,17,PSL,1134
2006,1,PI,27,PSDC,517
2006,1,PI,44,PRP,1960
2006,1,PI,45,PSDB,440063
2006,1,PI,50,PSOL,38867
2006,1,PR,12,PDT,190452
2006,1,PR,13,PT,2111589
2006,1,PR,17,PSL,3597
2006,1,PR,27,PSDC,3086
2006,1,PR,44,PRP,7434
2006,1,PR,45,PSDB,2953572
2006,1,PR,50,PSOL,301688
2006,1,RJ,12,PDT,372370
2006,1,RJ,13,PT,4092648
2006,1,RJ,17,PSL,6348
2006,1,RJ,27,PSDC,9256
2006,1,RJ,44,PRP,14136
2006,1,RJ,45,PSDB,2402076
2006,1,RJ,50,PSOL,1425699
2006,1,RN,12,PDT,43690
2006,1,RN,13,PT,952796
2006,1,RN,17,PSL,1183
2006,1,RN,27,PSDC,897
2006,1,RN,44,PRP,3860
2006,1,RN,45,PSDB,499934
2006,1,RN,50,PSOL,81185
2006,1,RO,12,PDT,14685
2006,1,RO,13,PT,329598
2006,1,RO,17,PSL,557
2006,1,RO,27,PSDC,615
2006,1,RO,44,PRP,1116
2006,1,RO,45,PSDB,344096
2006,1,RO,50,PSOL,40753
2006,1,RR,12,PDT,3956
2006,1,RR,13,PT,49433
2006,1,RR,17,PSL,92
2006,1,RR,27,PSDC,145
2006,1,RR,44,PRP,454
2006,1,RR,45,PSDB,112908
2006,1,RR,50,PSOL,22034
2006,1,RS,12,PDT,239437
2006,1,RS,13,PT,2052656
2006,1,RS,17,PSL,2699
2006,1,RS,27,PSDC,3602
2006,1,RS,44,PRP,7658
2006,1,RS,45,PSDB,3460730
2006,1,RS,50,PSOL,439959
2006,1,SC,12,PDT,109876
2006,1,SC,13,PT,1108851
2006,1,SC,17,PSL,1974
2006,1,SC,27,PSDC,1895
2006,1,SC,44,PRP,5318
2006,1,SC,45,PSDB,1889277
2006,1,SC,50,PSOL,220431
2006,1,SE,12,PDT,17916
2006,1,SE,13,PT,476399
2006,1,SE,17,PSL,647
2006,1,SE,27,PSDC,590
2006,1,SE,44,PRP,1915
2006,1,SE,45,PSDB,446454
2006,1,SE,50,PSOL,62544
2006,1,SP,12,PDT,385119
2006,1,SP,13,PT,8091867
2006,1,SP,17,PSL,10979
2006,1,SP,27,PSDC,15710
2006,1,SP,44,PRP,18927
2006,1,SP,45,PSDB,11927802
2006,1,SP,50,PSOL,1558639
2006,1,TO,12,PDT,9802
2006,1,TO,13,PT,392151
2006,1,TO,17,PSL,294
2006,1,TO,27,PSDC,216
2006,1,TO,44,PRP,932
2006,1,TO,45,PSDB,249544
2006,1,TO,50,PSOL,15989
2006,1,ZZ,12,PDT,1822
2006,1,ZZ,13,PT,15551
2006,1,ZZ,17,PSL,129
2006,1,ZZ,27,PSDC,131
2006,1,ZZ,44,PRP,637
2006,1,ZZ,45,PSDB,17513
2006,1,ZZ,50,PSOL,3294
2006,2,AC,13,PT,151584
2006,2,AC,45,PSDB,137911
2006,2,AL,13,PT,822505
2006,2,AL,45,PSDB,516059
2006,2,AM,13,PT,1159709
2006,2,AM,45,PSDB,176338
2006,2,AP,13,PT,191698
2006,2,AP,45,PSDB,80601
2006,2,BA,13,PT,5188314
2006,2,BA,45,PSDB,1456417
2006,2,CE,13,PT,3394007
2006,2,CE,45,PSDB,725990
2006,2,DF,13,PT,765008
2006,2,DF,45,PSDB,578137
2006,2,ES,13,PT,1190459
2006,2,ES,45,PSDB,625852
2006,2,GO,13,PT,1485280
2006,2,GO,45,PSDB,1226011
2006,2,MA,13,PT,2280520
2006,2,MA,45,PSDB,414108
2006,2,MG,13,PT,6808417
2006,2,MG,45,PSDB,3635228
2006,2,MS,13,PT,535966
2006,2,MS,45,PSDB,655491
2006,2,MT,13,PT,711177
2006,2,MT,45,PSDB,719984
2006,2,PA,13,PT,1840154
2006,2,PA,45,PSDB,1220564
2006,2,PB,13,PT,1478378
2006,2,PB,45,PSDB,492524
2006,2,PE,13,PT,3260996
2006,2,PE,45,PSDB,894062
2006,2,PI,13,PT,1216842
2006,2,PI,45,PSDB,356879
2006,2,PR,13,PT,2663423
2006,2,PR,45,PSDB,2744697
2006,2,RJ,13,PT,5532284
2006,2,RJ,45,PSDB,2406487
2006,2,RN,13,PT,1099150
2006,2,RN,45,PSDB,477212
2006,2,RO,13,PT,397327
2006,2,RO,45,PSDB,320806
2006,2,RR,13,PT,66932
2006,2,RR,45,PSDB,106890
2006,2,RS,13,PT,2811658
2006,2,RS,45,PSDB,3485916
2006,2,SC,13,PT,1481344
2006,2,SC,45,PSDB,1776776
2006,2,SE,13,PT,611337
2006,2,SE,45,PSDB,404897
2006,2,SP,13,PT,10684776
2006,2,SP,45,PSDB,11696938
2006,2,TO,13,PT,447849
2006,2,TO,45,PSDB,189491
2006,2,ZZ,13,PT,17948
2006,2,ZZ,45,PSDB,20912
2010,1,AC,13,PT,82733
2010,1,AC,16,PSTU,115
2010,1,AC,21,PCB,61
2010,1,AC,27,PSDC,338
2010,1,AC,28,PRTB,171
2010,1,AC,29,PCO,17
2010,1,AC,43,PV,81102
2010,1,AC,45,PSDB,180252
2010,1,AC,50,PSOL,1032
2010,1,AL,13,PT,709844
2010,1,AL,16,PSTU,887
2010,1,AL,21,PCB,857
2010,1,AL,27,PSDC,835
2010,1,AL,28,PRTB,1825
2010,1,AL,29,PCO,123
2010,1,AL,43,PV,160380
2010,1,AL,45,PSDB,508232
2010,1,AL,50,PSOL,11096
2010,1,AM,13,PT,991128
2010,1,AM,16,PSTU,1035
2010,1,AM,21,PCB,506
2010,1,AM,27,PSDC,1357
2010,1,AM,28,PRTB,687
2010,1,AM,29,PCO,68
2010,1,AM,43,PV,392170
2010,1,AM,45,PSDB,129190
2010,1,AM,50,PSOL,9033
2010,1,AP,13,PT,161443
2010,1,AP,16,PSTU,689
2010,1,AP,21,PCB,282
2010,1,AP,27,PSDC,451
2010,1,AP,28,PRTB,412
2010,1,AP,29,PCO,28
2010,1,AP,43,PV,101243
2010,1,AP,45,PSDB,72774
2010,1,AP,50,PSOL,3418
2010,1,BA,13,PT,4188099
2010,1,BA,16,PSTU,3658
2010,1,BA,21,PCB,3016
2010,1,BA,27,PSDC,3415
2010,1,BA,28,PRTB,2644
2010,1,BA,29,PCO,639
2010,1,BA,43,PV,1052674
2010,1,BA,45,PSDB,1403153
2010,1,BA,50,PSOL,30603
2010,1,CE,13,PT,2783451
2010,1,CE,16,PSTU,3287
2010,1,CE,21,PCB,1632
2010,1,CE,27,PSDC,3792
2010,1,CE,28,PRTB,1736
2010,1,CE,29,PCO,298
2010,1,CE,43,PV,686770
2010,1,CE,45,PSDB,686891
2010,1,CE,50,PSOL,30654
2010,1,DF,13,PT,462441
2010,1,DF,16,PSTU,1033
2010,1,DF,21,PCB,430
2010,1,DF,27,PSDC,2218
2010,1,DF,28,PRTB,1123
2010,1,DF,29,PCO,365
2010,1,DF,43,PV,611362
2010,1,DF,45,PSDB,354070
2010,1,DF,50,PSOL,24017
2010,1,ES,13,PT,717417
2010,1,ES,16,PSTU,917
2010,1,ES,21,PCB,473
2010,1,ES,27,PSDC,2354
2010,1,ES,28,PRTB,1343
2010,1,ES,29,PCO,315
2010,1,ES,43,PV,505734
2010,1,ES,45,PSDB,682590
2010,1,ES,50,PSOL,14748
2010,1,GO,13,PT,1301985
2010,1,GO,16,PSTU,1659
2010,1,GO,21,PCB,1418
2010,1,GO,27,PSDC,2632
2010,1,GO,28,PRTB,1894
2010,1,GO,29,PCO,271
2010,1,GO,43,PV,529694
2010,1,GO,45,PSDB,1217203
2010,1,GO,50,PSOL,26037
2010,1,MA,13,PT,2079650
2010,1,MA,16,PSTU,3183
2010,1,MA,21,PCB,1468
2010,1,MA,27,PSDC,2089
2010,1,MA,28,PRTB,1077
2010,1,MA,29,PCO,151
2010,1,MA,43,PV,400048
2010,1,MA,45,PSDB,444145
2010,1,MA,50,PSOL,11968
2010,1,MG,13,PT,5067399
2010,1,MG,16,PSTU,9196
2010,1,MG,21,PCB,3921
2010,1,MG,27,PSDC,9706
2010,1,MG,28,PRTB,6342
2010,1,MG,29,PCO,1868
2010,1,MG,43,PV,2291502
2010,1,MG,45,PSDB,3317872
2010,1,MG,50,PSOL,77782
2010,1,MS,13,PT,518877
2010,1,MS,16,PSTU,715
2010,1,MS,21,PCB,390
2010,1,MS,27,PSDC,805
2010,1,MS,28,PRTB,688
2010,1,MS,29,PCO,108
2010,1,MS,43,PV,219812
2010,1,MS,45,PSDB,551296
2010,1,MS,50,PSOL,9158
2010,1,MT,13,PT,659771
2010,1,MT,16,PSTU,555
2010,1,MT,21,PCB,475
2010,1,MT,27,PSDC,912
2010,1,MT,28,PRTB,510
2010,1,MT,29,PCO,118
2010,1,MT,43,PV,184339
2010,1,MT,45,PSDB,678614
2010,1,MT,50,PSOL,11299
2010,1,PA,13,PT,1699799
2010,1,PA,16,PSTU,4489
2010,1,PA,21,PCB,736
2010,1,PA,27,PSDC,1870
2010,1,PA,28,PRTB,1163
2010,1,PA,29,PCO,180
2010,1,PA,43,PV,474841
2010,1,PA,45,PSDB,1336887
2010,1,PA,50,PSOL,26619
2010,1,PB,13,PT,1031185
2010,1,PB,16,PSTU,1023
2010,1,PB,21,PCB,1052
2010,1,PB,27,PSDC,1490
2010,1,PB,28,PRTB,717
2010,1,PB,29,PCO,280
2010,1,PB,43,PV,341916
2010,1,PB,45,PSDB,551053
2010,1,PB,50,PSOL,9270
2010,1,PE,13,PT,2748751
2010,1,PE,16,PSTU,2540
2010,1,PE,21,PCB,1474
2010,1,PE,27,PSDC,2648
2010,1,PE,28,PRTB,1814
2010,1,PE,29,PCO,266
2010,1,PE,43,PV,903655
2010,1,PE,45,PSDB,773374
2010,1,PE,50,PSOL,17410
2010,1,PI,13,PT,1088205
2010,1,PI,16,PSTU,1225
2010,1,PI,21,PCB,705
2010,1,PI,27,PSDC,1222
2010,1,PI,28,PRTB,606
2010,1,PI,29,PCO,131
2010,1,PI,43,PV,185107
2010,1,PI,45,PSDB,339445
2010,1,PI,50,PSOL,5395
2010,1,PR,13,PT,2311239
2010,1,PR,16,PSTU,3929
2010,1,PR,21,PCB,2302
2010,1,PR,27,PSDC,4638
2010,1,PR,28,PRTB,3914
2010,1,PR,29,PCO,461
2010,1,PR,43,PV,944402
2010,1,PR,45,PSDB,2607664
2010,1,PR,50,PSOL,56452
2010,1,RJ,13,PT,3739632
2010,1,RJ,16,PSTU,14654
2010,1,RJ,21,PCB,5158
2010,1,RJ,27,PSDC,18058
2010,1,RJ,28,PRTB,7053
2010,1,RJ,29,PCO,1442
2010,1,RJ,43,PV,2693130
2010,1,RJ,45,PSDB,1925166
2010,1,RJ,50,PSOL,140782
2010,1,RN,13,PT,846416
2010,1,RN,16,PSTU,1407
2010,1,RN,21,PCB,836
2010,1,RN,27,PSDC,1595
2010,1,RN,28,PRTB,697
2010,1,RN,29,PCO,200
2010,1,RN,43,PV,313360
2010,1,RN,45,PSDB,460107
2010,1,RN,50,PSOL,10545
2010,1,RO,13,PT,321712
2010,1,RO,16,PSTU,448
2010,1,RO,21,PCB,285
2010,1,RO,27,PSDC,1198
2010,1,RO,28,PRTB,509
2010,1,RO,29,PCO,96
2010,1,RO,43,PV,100317
2010,1,RO,45,PSDB,358435
2010,1,RO,50,PSOL,6664
2010,1,RR,13,PT,63927
2010,1,RR,16,PSTU,147
2010,1,RR,21,PCB,48
2010,1,RR,27,PSDC,423
2010,1,RR,28,PRTB,261
2010,1,RR,29,PCO,47
2010,1,RR,43,PV,41784
2010,1,RR,45,PSDB,113601
2010,1,RR,50,PSOL,2383
2010,1,RS,13,PT,3007263
2010,1,RS,16,PSTU,4821
2010,1,RS,21,PCB,1893
2010,1,RS,27,PSDC,5444
2010,1,RS,28,PRTB,3497
2010,1,RS,29,PCO,778
2010,1,RS,43,PV,725580
2010,1,RS,45,PSDB,2600389
2010,1,RS,50,PSOL,56096
2010,1,SC,13,PT,1402566
2010,1,SC,16,PSTU,3248
2010,1,SC,21,PCB,1132
2010,1,SC,27,PSDC,3414
2010,1,SC,28,PRTB,2431
2010,1,SC,29,PCO,550
2010,1,SC,43,PV,507017
2010,1,SC,45,PSDB,1658161
2010,1,SC,50,PSOL,44610
2010,1,SE,13,PT,506802
2010,1,SE,16,PSTU,1296
2010,1,SE,21,PCB,736
2010,1,SE,27,PSDC,867
2010,1,SE,28,PRTB,731
2010,1,SE,29,PCO,135
2010,1,SE,43,PV,141033
2010,1,SE,45,PSDB,404584
2010,1,SE,50,PSOL,7070
2010,1,SP,13,PT,8740949
2010,1,SP,16,PSTU,17584
2010,1,SP,21,PCB,7324
2010,1,SP,27,PSDC,14684
2010,1,SP,28,PRTB,13573
2010,1,SP,29,PCO,3134
2010,1,SP,43,PV,4865828
2010,1,SP,45,PSDB,9524050
2010,1,SP,50,PSOL,239173
2010,1,TO,13,PT,362383
2010,1,TO,16,PSTU,257
2010,1,TO,21,PCB,248
2010,1,TO,27,PSDC,496
2010,1,TO,28,PRTB,315
2010,1,TO,29,PCO,66
2010,1,TO,43,PV,146151
2010,1,TO,45,PSDB,198979
2010,1,TO,50,PSOL,1969
2010,1,VT,13,PT,25331
2010,1,VT,16,PSTU,71
2010,1,VT,21,PCB,25
2010,1,VT,27,PSDC,42
2010,1,VT,28,PRTB,27
2010,1,VT,29,PCO,3
2010,1,VT,43,PV,18186
2010,1,VT,45,PSDB,20173
2010,1,VT,50,PSOL,840
2010,1,ZZ,13,PT,31036
2010,1,ZZ,16,PSTU,541
2010,1,ZZ,21,PCB,253
2010,1,ZZ,27,PSDC,357
2010,1,ZZ,28,PRTB,200
2010,1,ZZ,29,PCO,68
2010,1,ZZ,43,PV,17222
2010,1,ZZ,45,PSDB,33933
2010,1,ZZ,50,PSOL,693
2010,2,AC,13,PT,96969
2010,2,AC,45,PSDB,222766
2010,2,AL,13,PT,737236
2010,2,AL,45,PSDB,637368
2010,2,AM,13,PT,1141607
2010,2,AM,45,PSDB,275333
2010,2,AP,13,PT,198644
2010,2,AP,45,PSDB,118360
2010,2,BA,13,PT,4737079
2010,2,BA,45,PSDB,1948584
2010,2,CE,13,PT,3288570
2010,2,CE,45,PSDB,962729
2010,2,DF,13,PT,708674
2010,2,DF,45,PSDB,633299
2010,2,ES,13,PT,924046
2010,2,ES,45,PSDB,955423
2010,2,GO,13,PT,1446178
2010,2,GO,45,PSDB,1490368
2010,2,MA,13,PT,2294146
2010,2,MA,45,PSDB,606449
2010,2,MG,13,PT,6220125
2010,2,MG,45,PSDB,4422294
2010,2,MS,13,PT,555283
2010,2,MS,45,PSDB,682305
2010,2,MT,13,PT,729747
2010,2,MT,45,PSDB,762905
2010,2,PA,13,PT,1791443
2010,2,PA,45,PSDB,1576154
2010,2,PB,13,PT,1229391
2010,2,PB,45,PSDB,767919
2010,2,PE,13,PT,3457953
2010,2,PE,45,PSDB,1113235
2010,2,PI,13,PT,1112380
2010,2,PI,45,PSDB,477092
2010,2,PR,13,PT,2593086
2010,2,PR,45,PSDB,3226216
2010,2,RJ,13,PT,4934077
2010,2,RJ,45,PSDB,3223891
2010,2,RN,13,PT,979772
2010,2,RN,45,PSDB,665726
2010,2,RO,13,PT,347138
2010,2,RO,45,PSDB,385735
2010,2,RR,13,PT,71280
2010,2,RR,45,PSDB,141896
2010,2,RS,13,PT,3117761
2010,2,RS,45,PSDB,3237207
2010,2,SC,13,PT,1556226
2010,2,SC,45,PSDB,2030135
2010,2,SE,13,PT,568862
2010,2,SE,45,PSDB,493280
2010,2,SP,13,PT,10462447
2010,2,SP,45,PSDB,12308483
2010,2,TO,13,PT,391279
2010,2,TO,45,PSDB,273306
2010,2,VT,13,PT,28018
2010,2,VT,45,PSDB,25017
2010,2,ZZ,13,PT,33112
2010,2,ZZ,45,PSDB,47913
2014,1,AC,13,PT,111641
2014,1,AC,16,PSTU,112
2014,1,AC,20,PSC,1203
2014,1,AC,21,PCB,68
2014,1,AC,27,PSDC,282
2014,1,AC,28,PRTB,639
2014,1,AC,29,PCO,14
2014,1,AC,40,PSB,167603
2014,1,AC,43,PV,597
2014,1,AC,45,PSDB,116109
2014,1,AC,50,PSOL,867
2014,1,AL,13,PT,703809
2014,1,AL,16,PSTU,1197
2014,1,AL,20,PSC,8413
2014,1,AL,21,PCB,892
2014,1,AL,27,PSDC,610
2014,1,AL,28,PRTB,7069
2014,1,AL,29,PCO,125
2014,1,AL,40,PSB,356803
2014,1,AL,43,PV,3552
2014,1,AL,45,PSDB,311830
2014,1,AL,50,PSOL,15236
2014,1,AM,13,PT,915299
2014,1,AM,16,PSTU,1353
2014,1,AM,20,PSC,42697
2014,1,AM,21,PCB,545
2014,1,AM,27,PSDC,621
2014,1,AM,28,PRTB,10261
2014,1,AM,29,PCO,98
2014,1,AM,40,PSB,361632
2014,1,AM,43,PV,4395
2014,1,AM,45,PSDB,326257
2014,1,AM,50,PSOL,15957
2014,1,AP,13,PT,199016
2014,1,AP,16,PSTU,1122
2014,1,AP,20,PSC,5116
2014,1,AP,21,PCB,162
2014,1,AP,27,PSDC,435
2014,1,AP,28,PRTB,1549
2014,1,AP,29,PCO,21
2014,1,AP,40,PSB,77791
2014,1,AP,43,PV,1254
2014,1,AP,45,PSDB,99125
2014,1,AP,50,PSOL,4008
2014,1,BA,13,PT,4292850
2014,1,BA,16,PSTU,3508
2014,1,BA,20,PSC,37194
2014,1,BA,21,PCB,2890
2014,1,BA,27,PSDC,1828
2014,1,BA,28,PRTB,15336
2014,1,BA,29,PCO,555
2014,1,BA,40,PSB,1284711
2014,1,BA,43,PV,15722
2014,1,BA,45,PSDB,1277512
2014,1,BA,50,PSOL,55837
2014,1,CE,13,PT,3087658
2014,1,CE,16,PSTU,4661
2014,1,CE,20,PSC,25749
2014,1,CE,21,PCB,1832
2014,1,CE,27,PSDC,3193
2014,1,CE,28,PRTB,15971
2014,1,CE,29,PCO,342
2014,1,CE,40,PSB,638614
2014,1,CE,43,PV,14094
2014,1,CE,45,PSDB,677587
2014,1,CE,50,PSOL,52484
2014,1,DF,13,PT,363861
2014,1,DF,16,PSTU,1495
2014,1,DF,20,PSC,10053
2014,1,DF,21,PCB,559
2014,1,DF,27,PSDC,1295
2014,1,DF,28,PRTB,15270
2014,1,DF,29,PCO,473
2014,1,DF,40,PSB,565279
2014,1,DF,43,PV,19478
2014,1,DF,45,PSDB,570494
2014,1,DF,50,PSOL,31435
2014,1,ES,13,PT,653839
2014,1,ES,16,PSTU,1313
2014,1,ES,20,PSC,16138
2014,1,ES,21,PCB,723
2014,1,ES,27,PSDC,1133
2014,1,ES,28,PRTB,9021
2014,1,ES,29,PCO,215
2014,1,ES,40,PSB,567964
2014,1,ES,43,PV,11875
2014,1,ES,45,PSDB,694085
2014,1,ES,50,PSOL,19016
2014,1,GO,13,PT,1035911
2014,1,GO,16,PSTU,1765
2014,1,GO,20,PSC,19005
2014,1,GO,21,PCB,1256
2014,1,GO,27,PSDC,1948
2014,1,GO,28,PRTB,12393
2014,1,GO,29,PCO,301
2014,1,GO,40,PSB,771591
2014,1,GO,43,PV,12259
2014,1,GO,45,PSDB,1341320
2014,1,GO,50,PSOL,30411
2014,1,MA,13,PT,2187864
2014,1,MA,16,PSTU,4340
2014,1,MA,20,PSC,22389
2014,1,MA,21,PCB,1151
2014,1,MA,27,PSDC,2205
2014,1,MA,28,PRTB,6707
2014,1,MA,29,PCO,158
2014,1,MA,40,PSB,535013
2014,1,MA,43,PV,6965
2014,1,MA,45,PSDB,365655
2014,1,MA,50,PSOL,13100
2014,1,MG,13,PT,4830867
2014,1,MG,16,PSTU,8358
2014,1,MG,20,PSC,67486
2014,1,MG,21,PCB,5469
2014,1,MG,27,PSDC,5545
2014,1,MG,28,PRTB,25939
2014,1,MG,29,PCO,1489
2014,1,MG,40,PSB,1555553
2014,1,MG,43,PV,54483
2014,1,MG,45,PSDB,4417876
2014,1,MG,50,PSOL,139889
2014,1,MS,13,PT,507063
2014,1,MS,16,PSTU,977
2014,1,MS,20,PSC,6977
2014,1,MS,21,PCB,390
2014,1,MS,27,PSDC,478
2014,1,MS,28,PRTB,4623
2014,1,MS,29,PCO,97
2014,1,MS,40,PSB,257976
2014,1,MS,43,PV,4093
2014,1,MS,45,PSDB,558826
2014,1,MS,50,PSOL,10708
2014,1,MT,13,PT,616411
2014,1,MT,16,PSTU,474
2014,1,MT,20,PSC,9129
2014,1,MT,21,PCB,529
2014,1,MT,27,PSDC,470
2014,1,MT,28,PRTB,4462
2014,1,MT,29,PCO,101
2014,1,MT,40,PSB,220067
2014,1,MT,43,PV,4128
2014,1,MT,45,PSDB,693755
2014,1,MT,50,PSOL,10093
2014,1,PA,13,PT,2040981
2014,1,PA,16,PSTU,3012
2014,1,PA,20,PSC,43068
2014,1,PA,21,PCB,833
2014,1,PA,27,PSDC,915
2014,1,PA,28,PRTB,11501
2014,1,PA,29,PCO,207
2014,1,PA,40,PSB,627319
2014,1,PA,43,PV,12260
2014,1,PA,45,PSDB,1058334
2014,1,PA,50,PSOL,40353
2014,1,PB,13,PT,1166860
2014,1,PB,16,PSTU,1071
2014,1,PB,20,PSC,12102
2014,1,PB,21,PCB,796
2014,1,PB,27,PSDC,911
2014,1,PB,28,PRTB,7539
2014,1,PB,29,PCO,247
2014,1,PB,40,PSB,393685
2014,1,PB,43,PV,7791
2014,1,PB,45,PSDB,490962
2014,1,PB,50,PSOL,16847
2014,1,PE,13,PT,2127010
2014,1,PE,16,PSTU,2760
2014,1,PE,20,PSC,15691
2014,1,PE,21,PCB,1719
2014,1,PE,27,PSDC,1266
2014,1,PE,28,PRTB,11498
2014,1,PE,29,PCO,322
2014,1,PE,40,PSB,2311491
2014,1,PE,43,PV,13349
2014,1,PE,45,PSDB,285315
2014,1,PE,50,PSOL,40455
2014,1,PI,13,PT,1235337
2014,1,PI,16,PSTU,1456
2014,1,PI,20,PSC,6284
2014,1,PI,21,PCB,487
2014,1,PI,27,PSDC,752
2014,1,PI,28,PRTB,2338
2014,1,PI,29,PCO,151
2014,1,PI,40,PSB,246271
2014,1,PI,43,PV,4385
2014,1,PI,45,PSDB,242256
2014,1,PI,50,PSOL,10159
2014,1,PR,13,PT,1973421
2014,1,PR,16,PSTU,4552
2014,1,PR,20,PSC,40656
2014,1,PR,21,PCB,2409
2014,1,PR,27,PSDC,4828
2014,1,PR,28,PRTB,33612
2014,1,PR,29,PCO,560
2014,1,PR,40,PSB,861820
2014,1,PR,43,PV,44755
2014,1,PR,45,PSDB,3021988
2014,1,PR,50,PSOL,79267
2014,1,RJ,13,PT,2971736
2014,1,RJ,16,PSTU,14430
2014,1,RJ,20,PSC,136163
2014,1,RJ,21,PCB,8548
2014,1,RJ,27,PSDC,11754
2014,1,RJ,28,PRTB,65015
2014,1,RJ,29,PCO,1450
2014,1,RJ,40,PSB,2592292
2014,1,RJ,43,PV,68032
2014,1,RJ,45,PSDB,2249662
2014,1,RJ,50,PSOL,227432
2014,1,RN,13,PT,999625
2014,1,RN,16,PSTU,2830
2014,1,RN,20,PSC,13316
2014,1,RN,21,PCB,641
2014,1,RN,27,PSDC,929
2014,1,RN,28,PRTB,5292
2014,1,RN,29,PCO,162
2014,1,RN,40,PSB,286301
2014,1,RN,43,PV,5346
2014,1,RN,45,PSDB,330264
2014,1,RN,50,PSOL,20212
2014,1,RO,13,PT,345305
2014,1,RO,16,PSTU,429
2014,1,RO,20,PSC,12512
2014,1,RO,21,PCB,208
2014,1,RO,27,PSDC,634
2014,1,RO,28,PRTB,3819
2014,1,RO,29,PCO,63
2014,1,RO,40,PSB,86293
2014,1,RO,43,PV,2368
2014,1,RO,45,PSDB,371937
2014,1,RO,50,PSOL,4664
2014,1,RR,13,PT,82942
2014,1,RR,16,PSTU,209
2014,1,RR,20,PSC,5194
2014,1,RR,21,PCB,71
2014,1,RR,27,PSDC,515
2014,1,RR,28,PRTB,1285
2014,1,RR,29,PCO,48
2014,1,RR,40,PSB,47087
2014,1,RR,43,PV,780
2014,1,RR,45,PSDB,109070
2014,1,RR,50,PSOL,2815
2014,1,RS,13,PT,2752075
2014,1,RS,16,PSTU,4083
2014,1,RS,20,PSC,33053
2014,1,RS,21,PCB,2301
2014,1,RS,27,PSDC,2255
2014,1,RS,28,PRTB,17954
2014,1,RS,29,PCO,505
2014,1,RS,40,PSB,732828
2014,1,RS,43,PV,43703
2014,1,RS,45,PSDB,2639647
2014,1,RS,50,PSOL,143370
2014,1,SC,13,PT,1141102
2014,1,SC,16,PSTU,3975
2014,1,SC,20,PSC,23661
2014,1,SC,21,PCB,1413
2014,1,SC,27,PSDC,2005
2014,1,SC,28,PRTB,15774
2014,1,SC,29,PCO,390
2014,1,SC,40,PSB,476430
2014,1,SC,43,PV,30239
2014,1,SC,45,PSDB,1963772
2014,1,SC,50,PSOL,53532
2014,1,SE,13,PT,601740
2014,1,SE,16,PSTU,1703
2014,1,SE,20,PSC,18776
2014,1,SE,21,PCB,764
2014,1,SE,27,PSDC,431
2014,1,SE,28,PRTB,3677
2014,1,SE,29,PCO,142
2014,1,SE,40,PSB,203390
2014,1,SE,43,PV,3733
2014,1,SE,45,PSDB,248756
2014,1,SE,50,PSOL,12827
2014,1,SP,13,PT,5930661
2014,1,SP,16,PSTU,19129
2014,1,SP,20,PSC,142842
2014,1,SP,21,PCB,10667
2014,1,SP,27,PSDC,13510
2014,1,SP,28,PRTB,136244
2014,1,SP,29,PCO,3971
2014,1,SP,40,PSB,5765598
2014,1,SP,43,PV,236966
2014,1,SP,45,PSDB,10165921
2014,1,SP,50,PSOL,554863
2014,1,TO,13,PT,368431
2014,1,TO,16,PSTU,247
2014,1,TO,20,PSC,4740
2014,1,TO,21,PCB,261
2014,1,TO,27,PSDC,221
2014,1,TO,28,PRTB,1654
2014,1,TO,29,PCO,44
2014,1,TO,40,PSB,150690
2014,1,TO,43,PV,1430
2014,1,TO,45,PSDB,203183
2014,1,TO,50,PSOL,2875
2014,1,ZZ,13,PT,24353
2014,1,ZZ,16,PSTU,648
2014,1,ZZ,20,PSC,906
2014,1,ZZ,21,PCB,261
2014,1,ZZ,27,PSDC,281
2014,1,ZZ,28,PRTB,436
2014,1,ZZ,29,PCO,73
2014,1,ZZ,40,PSB,34527
2014,1,ZZ,43,PV,2067
2014,1,ZZ,45,PSDB,65713
2014,1,ZZ,50,PSOL,3474
2014,2,AC,13,PT,138982
2014,2,AC,45,PSDB,243677
2014,2,AL,13,PT,941445
2014,2,AL,45,PSDB,574322
2014,2,AM,13,PT,1033457
2014,2,AM,45,PSDB,556545
2014,2,AP,13,PT,227509
2014,2,AP,45,PSDB,142780
2014,2,BA,13,PT,5059860
2014,2,BA,45,PSDB,2153111
2014,2,CE,13,PT,3522884
2014,2,CE,45,PSDB,1068169
2014,2,DF,13,PT,582354
2014,2,DF,45,PSDB,946171
2014,2,ES,13,PT,912391
2014,2,ES,45,PSDB,1065485
2014,2,GO,13,PT,1365964
2014,2,GO,45,PSDB,1819139
2014,2,MA,13,PT,2475985
2014,2,MA,45,PSDB,667823
2014,2,MG,13,PT,5981162
2014,2,MG,45,PSDB,5432465
2014,2,MS,13,PT,590965
2014,2,MS,45,PSDB,762797
2014,2,MT,13,PT,717412
2014,2,MT,45,PSDB,865610
2014,2,PA,13,PT,2104151
2014,2,PA,45,PSDB,1561066
2014,2,PB,13,PT,1381305
2014,2,PB,45,PSDB,768475
2014,2,PE,13,PT,3438829
2014,2,PE,45,PSDB,1460279
2014,2,PI,13,PT,1385265
2014,2,PI,45,PSDB,384157
2014,2,PR,13,PT,2409677
2014,2,PR,45,PSDB,3769054
2014,2,RJ,13,PT,4489860
2014,2,RJ,45,PSDB,3685122
2014,2,RN,13,PT,1201768
2014,2,RN,45,PSDB,516487
2014,2,RO,13,PT,364213
2014,2,RO,45,PSDB,442698
2014,2,RR,13,PT,97425
2014,2,RR,45,PSDB,139752
2014,2,RS,13,PT,2998545
2014,2,RS,45,PSDB,3455214
2014,2,SC,13,PT,1354775
2014,2,SC,45,PSDB,2472142
2014,2,SE,13,PT,772482
2014,2,SE,45,PSDB,380654
2014,2,SP,13,PT,8492620
2014,2,SP,45,PSDB,15311664
2014,2,TO,13,PT,428774
2014,2,TO,45,PSDB,292176
2014,2,ZZ,13,PT,31059
2014,2,ZZ,45,PSDB,104121
2018,1,AC,12,PDT,21809
2018,1,AC,13,PT,78170
2018,1,AC,15,MDB,6458
2018,1,AC,16,PSTU,80
2018,1,AC,17,PSL,262508
2018,1,AC,18,REDE,10557
2018,1,AC,19,PODE,1531
2018,1,AC,27,DC,241
2018,1,AC,30,NOVO,1990
2018,1,AC,45,PSDB,33115
2018,1,AC,50,PSOL,1642
2018,1,AC,51,PATRI,3564
2018,1,AC,54,PPL,113
2018,1,AL,12,PDT,155457
2018,1,AL,13,PT,687247
2018,1,AL,15,MDB,43895
2018,1,AL,16,PSTU,744
2018,1,AL,17,PSL,528355
2018,1,AL,18,REDE,15843
2018,1,AL,19,PODE,5128
2018,1,AL,27,DC,410
2018,1,AL,30,NOVO,11697
2018,1,AL,45,PSDB,58580
2018,1,AL,50,PSOL,8863
2018,1,AL,51,PATRI,19106
2018,1,AL,54,PPL,421
2018,1,AM,12,PDT,138997
2018,1,AM,13,PT,746998
2018,1,AM,15,MDB,23420
2018,1,AM,16,PSTU,835
2018,1,AM,17,PSL,805902
2018,1,AM,18,REDE,29196
2018,1,AM,19,PODE,8589
2018,1,AM,27,DC,1091
2018,1,AM,30,NOVO,26888
2018,1,AM,45,PSDB,29190
2018,1,AM,50,PSOL,11090
2018,1,AM,51,PATRI,31107
2018,1,AM,54,PPL,288
2018,1,AP,12,PDT,50553
2018,1,AP,13,PT,134287
2018,1,AP,15,MDB,5611
2018,1,AP,16,PSTU,560
2018,1,AP,17,PSL,166935
2018,1,AP,18,REDE,9008
2018,1,AP,19,PODE,1435
2018,1,AP,27,DC,247
2018,1,AP,30,NOVO,7490
2018,1,AP,45,PSDB,19241
2018,1,AP,50,PSOL,5432
2018,1,AP,51,PATRI,8882
2018,1,AP,54,PPL,76
2018,1,BA,12,PDT,693273
2018,1,BA,13,PT,4441955
2018,1,BA,15,MDB,33109
2018,1,BA,16,PSTU,2240
2018,1,BA,17,PSL,1725140
2018,1,BA,18,REDE,61481
2018,1,BA,19,PODE,20838
2018,1,BA,27,DC,2087
2018,1,BA,30,NOVO,43800
2018,1,BA,45,PSDB,172900
2018,1,BA,50,PSOL,31499
2018,1,BA,51,PATRI,138234
2018,1,BA,54,PPL,1989
2018,1,CE,12,PDT,1998597
2018,1,CE,13,PT,1616492
2018,1,CE,15,MDB,27902
2018,1,CE,16,PSTU,1563
2018,1,CE,17,PSL,1061075
2018,1,CE,18,REDE,18071
2018,1,CE,19,PODE,8142
2018,1,CE,27,DC,1261
2018,1,CE,30,NOVO,23198
2018,1,CE,45,PSDB,53157
2018,1,CE,50,PSOL,15103
2018,1,CE,51,PATRI,54786
2018,1,CE,54,PPL,808
2018,1,DF,12,PDT,266272
2018,1,DF,13,PT,190508
2018,1,DF,15,MDB,26939
2018,1,DF,16,PSTU,908
2018,1,DF,17,PSL,936494
2018,1,DF,18,REDE,32115
2018,1,DF,19,PODE,11138
2018,1,DF,27,DC,822
2018,1,DF,30,NOVO,44879
2018,1,DF,45,PSDB,53640
2018,1,DF,50,PSOL,13177
2018,1,DF,51,PATRI,26925
2018,1,DF,54,PPL,700
2018,1,ES,12,PDT,195553
2018,1,ES,13,PT,495868
2018,1,ES,15,MDB,22232
2018,1,ES,16,PSTU,711
2018,1,ES,17,PSL,1122131
2018,1,ES,18,REDE,26529
2018,1,ES,19,PODE,11352
2018,1,ES,27,DC,792
2018,1,ES,30,NOVO,44306
2018,1,ES,45,PSDB,79049
2018,1,ES,50,PSOL,8358
2018,1,ES,51,PATRI,41734
2018,1,ES,54,PPL,533
2018,1,GO,12,PDT,280864
2018,1,GO,13,PT,713535
2018,1,GO,15,MDB,90778
2018,1,GO,16,PSTU,1011
2018,1,GO,17,PSL,1868686
2018,1,GO,18,REDE,28783
2018,1,GO,19,PODE,15628
2018,1,GO,27,DC,1291
2018,1,GO,30,NOVO,70023
2018,1,GO,45,PSDB,146440
2018,1,GO,50,PSOL,13806
2018,1,GO,51,PATRI,33349
2018,1,GO,54,PPL,595
2018,1,MA,12,PDT,282472
2018,1,MA,13,PT,2062638
2018,1,MA,15,MDB,52214
2018,1,MA,16,PSTU,2842
2018,1,MA,17,PSL,817531
2018,1,MA,18,REDE,23635
2018,1,MA,19,PODE,6320
2018,1,MA,27,DC,776
2018,1,MA,30,NOVO,17233
2018,1,MA,45,PSDB,50654
2018,1,MA,50,PSOL,16016
2018,1,MA,51,PATRI,34204
2018,1,MA,54,PPL,412
2018,1,MG,12,PDT,1278819
2018,1,MG,13,PT,3037957
2018,1,MG,15,MDB,111999
2018,1,MG,16,PSTU,6160
2018,1,MG,17,PSL,5308047
2018,1,MG,18,REDE,97410
2018,1,MG,19,PODE,46716
2018,1,MG,27,DC,3643
2018,1,MG,30,NOVO,426334
2018,1,MG,45,PSDB,506590
2018,1,MG,50,PSOL,50587
2018,1,MG,51,PATRI,110054
2018,1,MG,54,PPL,3398
2018,1,MS,12,PDT,112296
2018,1,MS,13,PT,333407
2018,1,MS,15,MDB,18154
2018,1,MS,16,PSTU,623
2018,1,MS,17,PSL,769116
2018,1,MS,18,REDE,12279
2018,1,MS,19,PODE,12527
2018,1,MS,27,DC,325
2018,1,MS,30,NOVO,26491
2018,1,MS,45,PSDB,90897
2018,1,MS,50,PSOL,6174
2018,1,MS,51,PATRI,14337
2018,1,MS,54,PPL,319
2018,1,MT,12,PDT,91344
2018,1,MT,13,PT,404604
2018,1,MT,15,MDB,16735
2018,1,MT,16,PSTU,610
2018,1,MT,17,PSL,981119
2018,1,MT,18,REDE,12487
2018,1,MT,19,PODE,13086
2018,1,MT,27,DC,598
2018,1,MT,30,NOVO,25971
2018,1,MT,45,PSDB,67498
2018,1,MT,50,PSOL,6858
2018,1,MT,51,PATRI,12907
2018,1,MT,54,PPL,319
2018,1,PA,12,PDT,415593
2018,1,PA,13,PT,1714822
2018,1,PA,15,MDB,100724
2018,1,PA,16,PSTU,2391
2018,1,PA,17,PSL,1499294
2018,1,PA,18,REDE,53682
2018,1,PA,19,PODE,12407
2018,1,PA,27,DC,1413
2018,1,PA,30,NOVO,28314
2018,1,PA,45,PSDB,229122
2018,1,PA,50,PSOL,32417
2018,1,PA,51,PATRI,51547
2018,1,PA,54,PPL,1009
2018,1,PB,12,PDT,362775
2018,1,PB,13,PT,984398
2018,1,PB,15,MDB,21900
2018,1,PB,16,PSTU,819
2018,1,PB,17,PSL,677718
2018,1,PB,18,REDE,12508
2018,1,PB,19,PODE,6078
2018,1,PB,27,DC,526
2018,1,PB,30,NOVO,16859
2018,1,PB,45,PSDB,51334
2018,1,PB,50,PSOL,6901
2018,1,PB,51,PATRI,23280
2018,1,PB,54,PPL,448
2018,1,PE,12,PDT,640860
2018,1,PE,13,PT,2309104
2018,1,PE,15,MDB,32088
2018,1,PE,16,PSTU,2021
2018,1,PE,17,PSL,1444685
2018,1,PE,18,REDE,46524
2018,1,PE,19,PODE,9853
2018,1,PE,27,DC,1046
2018,1,PE,30,NOVO,46153
2018,1,PE,45,PSDB,77987
2018,1,PE,50,PSOL,20688
2018,1,PE,51,PATRI,93330
2018,1,PE,54,PPL,877
2018,1,PI,12,PDT,211240
2018,1,PI,13,PT,1172147
2018,1,PI,15,MDB,16761
2018,1,PI,16,PSTU,850
2018,1,PI,17,PSL,346944
2018,1,PI,18,REDE,13313
2018,1,PI,19,PODE,5218
2018,1,PI,27,DC,551
2018,1,PI,30,NOVO,15308
2018,1,PI,45,PSDB,47974
2018,1,PI,50,PSOL,6145
2018,1,PI,51,PATRI,12212
2018,1,PI,54,PPL,280
2018,1,PR,12,PDT,510541
2018,1,PR,13,PT,1210974
2018,1,PR,15,MDB,73795
2018,1,PR,16,PSTU,2246
2018,1,PR,17,PSL,3496448
2018,1,PR,18,REDE,47335
2018,1,PR,19,PODE,322416
2018,1,PR,27,DC,1582
2018,1,PR,30,NOVO,190686
2018,1,PR,45,PSDB,220744
2018,1,PR,50,PSOL,27091
2018,1,PR,51,PATRI,39955
2018,1,PR,54,PPL,1876
2018,1,RJ,12,PDT,1300292
2018,1,RJ,13,PT,1255425
2018,1,RJ,15,MDB,77333
2018,1,RJ,16,PSTU,6005
2018,1,RJ,17,PSL,5107735
2018,1,RJ,18,REDE,130794
2018,1,RJ,19,PODE,41544
2018,1,RJ,27,DC,4636
2018,1,RJ,30,NOVO,139208
2018,1,RJ,45,PSDB,208325
2018,1,RJ,50,PSOL,57846
2018,1,RJ,51,PATRI,211444
2018,1,RJ,54,PPL,2806
2018,1,RN,12,PDT,399766
2018,1,RN,13,PT,738165
2018,1,RN,15,MDB,11480
2018,1,RN,16,PSTU,1034
2018,1,RN,17,PSL,541448
2018,1,RN,18,REDE,10690
2018,1,RN,19,PODE,5148
2018,1,RN,27,DC,486
2018,1,RN,30,NOVO,15570
2018,1,RN,45,PSDB,40405
2018,1,RN,50,PSOL,6975
2018,1,RN,51,PATRI,20575
2018,1,RN,54,PPL,511
2018,1,RO,12,PDT,52118
2018,1,RO,13,PT,176107
2018,1,RO,15,MDB,12829
2018,1,RO,16,PSTU,464
2018,1,RO,17,PSL,538311
2018,1,RO,18,REDE,7351
2018,1,RO,19,PODE,8738
2018,1,RO,27,DC,272
2018,1,RO,30,NOVO,16329
2018,1,RO,45,PSDB,37048
2018,1,RO,50,PSOL,5368
2018,1,RO,51,PATRI,9816
2018,1,RO,54,PPL,150
2018,1,RR,12,PDT,14838
2018,1,RR,13,PT,49406
2018,1,RR,15,MDB,3426
2018,1,RR,16,PSTU,146
2018,1,RR,17,PSL,174306
2018,1,RR,18,REDE,4098
2018,1,RR,19,PODE,1472
2018,1,RR,27,DC,116
2018,1,RR,30,NOVO,4309
2018,1,RR,45,PSDB,19231
2018,1,RR,50,PSOL,2443
2018,1,RR,51,PATRI,2928
2018,1,RR,54,PPL,69
2018,1,RS,12,PDT,724429
2018,1,RS,13,PT,1453291
2018,1,RS,15,MDB,124713
2018,1,RS,16,PSTU,3086
2018,1,RS,17,PSL,3353623
2018,1,RS,18,REDE,50007
2018,1,RS,19,PODE,44890
2018,1,RS,27,DC,1525
2018,1,RS,30,NOVO,186087
2018,1,RS,45,PSDB,350800
2018,1,RS,50,PSOL,41736
2018,1,RS,51,PATRI,35458
2018,1,RS,54,PPL,2791
2018,1,SC,12,PDT,264312
2018,1,SC,13,PT,598578
2018,1,SC,15,MDB,51670
2018,1,SC,16,PSTU,1686
2018,1,SC,17,PSL,2603665
2018,1,SC,18,REDE,25813
2018,1,SC,19,PODE,51771
2018,1,SC,27,DC,859
2018,1,SC,30,NOVO,158562
2018,1,SC,45,PSDB,154068
2018,1,SC,50,PSOL,21484
2018,1,SC,51,PATRI,22392
2018,1,SC,54,PPL,923
2018,1,SE,12,PDT,148526
2018,1,SE,13,PT,571234
2018,1,SE,15,MDB,8784
2018,1,SE,16,PSTU,3093
2018,1,SE,17,PSL,310310
2018,1,SE,18,REDE,15829
2018,1,SE,19,PODE,4483
2018,1,SE,27,DC,231
2018,1,SE,30,NOVO,9192
2018,1,SE,45,PSDB,45978
2018,1,SE,50,PSOL,7934
2018,1,SE,51,PATRI,14069
2018,1,SE,54,PPL,717
2018,1,SP,12,PDT,2650440
2018,1,SP,13,PT,3833982
2018,1,SP,15,MDB,267725
2018,1,SP,16,PSTU,12434
2018,1,SP,17,PSL,12378012
2018,1,SP,18,REDE,262050
2018,1,SP,19,PODE,177949
2018,1,SP,27,DC,14462
2018,1,SP,30,NOVO,1062118
2018,1,SP,45,PSDB,2224049
2018,1,SP,50,PSOL,187451
2018,1,SP,51,PATRI,274672
2018,1,SP,54,PPL,7435
2018,1,TO,12,PDT,54262
2018,1,TO,13,PT,311212
2018,1,TO,15,MDB,5324
2018,1,TO,16,PSTU,251
2018,1,TO,17,PSL,337782
2018,1,TO,18,REDE,7229
2018,1,TO,19,PODE,2471
2018,1,TO,27,DC,242
2018,1,TO,30,NOVO,7113
2018,1,TO,45,PSDB,21666
2018,1,TO,50,PSOL,2764
2018,1,TO,51,PATRI,6284
2018,1,TO,54,PPL,160
2018,1,ZZ,12,PDT,28073
2018,1,ZZ,13,PT,19540
2018,1,ZZ,15,MDB,952
2018,1,ZZ,16,PSTU,349
2018,1,ZZ,17,PSL,113690
2018,1,ZZ,18,REDE,4961
2018,1,ZZ,19,PODE,2733
2018,1,ZZ,27,DC,179
2018,1,ZZ,30,NOVO,13637
2018,1,ZZ,45,PSDB,6668
2018,1,ZZ,50,PSOL,1274
2018,1,ZZ,51,PATRI,1172
2018,1,ZZ,54,PPL,153
2018,2,AC,13,PT,86977
2018,2,AC,17,PSL,294899
2018,2,AL,13,PT,912034
2018,2,AL,17,PSL,610093
2018,2,AM,13,PT,875845
2018,2,AM,17,PSL,885401
2018,2,AP,13,PT,183616
2018,2,AP,17,PSL,185096
2018,2,BA,13,PT,5484901
2018,2,BA,17,PSL,2060382
2018,2,CE,13,PT,3407526
2018,2,CE,17,PSL,1384591
2018,2,DF,13,PT,463340
2018,2,DF,17,PSL,1080411
2018,2,ES,13,PT,747768
2018,2,ES,17,PSL,1276611
2018,2,GO,13,PT,1118060
2018,2,GO,17,PSL,2124739
2018,2,MA,13,PT,2428913
2018,2,MA,17,PSL,886565
2018,2,MG,13,PT,4382952
2018,2,MG,17,PSL,6100107
2018,2,MS,13,PT,465025
2018,2,MS,17,PSL,872049
2018,2,MT,13,PT,549001
2018,2,MT,17,PSL,1085824
2018,2,PA,13,PT,2112769
2018,2,PA,17,PSL,1742188
2018,2,PB,13,PT,1451293
2018,2,PB,17,PSL,782143
2018,2,PE,13,PT,3297944
2018,2,PE,17,PSL,1661163
2018,2,PI,13,PT,1417113
2018,2,PI,17,PSL,422095
2018,2,PR,13,PT,1948790
2018,2,PR,17,PSL,4224416
2018,2,RJ,13,PT,2673386
2018,2,RJ,17,PSL,5669059
2018,2,RN,13,PT,1131027
2018,2,RN,17,PSL,652562
2018,2,RO,13,PT,229343
2018,2,RO,17,PSL,594968
2018,2,RR,13,PT,72872
2018,2,RR,17,PSL,183268
2018,2,RS,13,PT,2263171
2018,2,RS,17,PSL,3893737
2018,2,SC,13,PT,940724
2018,2,SC,17,PSL,2966242
2018,2,SE,13,PT,759061
2018,2,SE,17,PSL,364860
2018,2,SP,13,PT,7212132
2018,2,SP,17,PSL,15306023
2018,2,TO,13,PT,371593
2018,2,TO,17,PSL,356684
2018,2,ZZ,13,PT,53730
2018,2,ZZ,17,PSL,131671
2022,1,AC,12,PDT,12314
2022,1,AC,13,PT,129022
2022,1,AC,14,PTB,279
2022,1,AC,15,MDB,20122
2022,1,AC,16,PSTU,77
2022,1,AC,21,PCB,144
2022,1,AC,22,PL,275582
2022,1,AC,27,DC,44
2022,1,AC,30,NOVO,825
2022,1,AC,44,UNIÃO,2444
2022,1,AC,80,UP,64
2022,1,AL,12,PDT,43542
2022,1,AL,13,PT,974156
2022,1,AL,14,PTB,3020
2022,1,AL,15,MDB,67411
2022,1,AL,16,PSTU,325
2022,1,AL,21,PCB,494
2022,1,AL,22,PL,621515
2022,1,AL,27,DC,139
2022,1,AL,30,NOVO,2450
2022,1,AL,44,UNIÃO,10683
2022,1,AL,80,UP,482
2022,1,AM,12,PDT,44527
2022,1,AM,13,PT,1019684
2022,1,AM,14,PTB,1373
2022,1,AM,15,MDB,87060
2022,1,AM,16,PSTU,393
2022,1,AM,21,PCB,476
2022,1,AM,22,PL,880198
2022,1,AM,27,DC,267
2022,1,AM,30,NOVO,5212
2022,1,AM,44,UNIÃO,17002
2022,1,AM,80,UP,484
2022,1,AP,12,PDT,14670
2022,1,AP,13,PT,197382
2022,1,AP,14,PTB,359
2022,1,AP,15,MDB,27497
2022,1,AP,16,PSTU,144
2022,1,AP,21,PCB,130
2022,1,AP,22,PL,187621
2022,1,AP,27,DC,62
2022,1,AP,30,NOVO,1236
2022,1,AP,44,UNIÃO,2955
2022,1,AP,80,UP,105
2022,1,BA,12,PDT,217224
2022,1,BA,13,PT,5873081
2022,1,BA,14,PTB,4898
2022,1,BA,15,MDB,197305
2022,1,BA,16,PSTU,1148
2022,1,BA,21,PCB,2423
2022,1,BA,22,PL,2047599
2022,1,BA,27,DC,753
2022,1,BA,30,NOVO,11605
2022,1,BA,44,UNIÃO,65046
2022,1,BA,80,UP,1926
2022,1,CE,12,PDT,369222
2022,1,CE,13,PT,3578355
2022,1,CE,14,PTB,2278
2022,1,CE,15,MDB,66214
2022,1,CE,16,PSTU,717
2022,1,CE,21,PCB,1579
2022,1,CE,22,PL,1377827
2022,1,CE,27,DC,416
2022,1,CE,30,NOVO,7030
2022,1,CE,44,UNIÃO,24497
2022,1,CE,80,UP,1129
2022,1,DF,12,PDT,74308
2022,1,DF,13,PT,649534
2022,1,DF,14,PTB,1554
2022,1,DF,15,MDB,105377
2022,1,DF,16,PSTU,454
2022,1,DF,21,PCB,894
2022,1,DF,22,PL,910397
2022,1,DF,27,DC,518
2022,1,DF,30,NOVO,10342
2022,1,DF,44,UNIÃO,7935
2022,1,DF,80,UP,1262
2022,1,ES,12,PDT,56221
2022,1,ES,13,PT,897348
2022,1,ES,14,PTB,1752
2022,1,ES,15,MDB,85325
2022,1,ES,16,PSTU,437
2022,1,ES,21,PCB,683
2022,1,ES,22,PL,1160030
2022,1,ES,27,DC,377
2022,1,ES,30,NOVO,8341
2022,1,ES,44,UNIÃO,9944
2022,1,ES,80,UP,672
2022,1,GO,12,PDT,90695
2022,1,GO,13,PT,1454723
2022,1,GO,14,PTB,2303
2022,1,GO,15,MDB,170742
2022,1,GO,16,PSTU,498
2022,1,GO,21,PCB,1073
2022,1,GO,22,PL,1920203
2022,1,GO,27,DC,397
2022,1,GO,30,NOVO,11145
2022,1,GO,44,UNIÃO,28570
2022,1,GO,80,UP,1120
2022,1,MA,12,PDT,96095
2022,1,MA,13,PT,2603454
2022,1,MA,14,PTB,4357
2022,1,MA,15,MDB,78254
2022,1,MA,16,PSTU,799
2022,1,MA,21,PCB,727
2022,1,MA,22,PL,983861
2022,1,MA,27,DC,391
2022,1,MA,30,NOVO,4368
2022,1,MA,44,UNIÃO,8709
2022,1,MA,80,UP,630
2022,1,MG,12,PDT,310324
2022,1,MG,13,PT,5802571
2022,1,MG,14,PTB,7309
2022,1,MG,15,MDB,500658
2022,1,MG,16,PSTU,2612
2022,1,MG,21,PCB,4431
2022,1,MG,22,PL,5239264
2022,1,MG,27,DC,1588
2022,1,MG,30,NOVO,98526
2022,1,MG,44,UNIÃO,44109
2022,1,MG,80,UP,5241
2022,1,MS,12,PDT,29314
2022,1,MS,13,PT,588323
2022,1,MS,14,PTB,1057
2022,1,MS,15,MDB,79719
2022,1,MS,16,PSTU,222
2022,1,MS,21,PCB,371
2022,1,MS,22,PL,794206
2022,1,MS,27,DC,152
2022,1,MS,30,NOVO,5193
2022,1,MS,44,UNIÃO,8082
2022,1,MS,80,UP,350
2022,1,MT,12,PDT,29437
2022,1,MT,13,PT,633748
2022,1,MT,14,PTB,2545
2022,1,MT,15,MDB,55989
2022,1,MT,16,PSTU,250
2022,1,MT,21,PCB,406
2022,1,MT,22,PL,1102866
2022,1,MT,27,DC,195
2022,1,MT,30,NOVO,4371
2022,1,MT,44,UNIÃO,12715
2022,1,MT,80,UP,366
2022,1,PA,12,PDT,116057
2022,1,PA,13,PT,2443730
2022,1,PA,14,PTB,2783
2022,1,PA,15,MDB,204075
2022,1,PA,16,PSTU,918
2022,1,PA,21,PCB,920
2022,1,PA,22,PL,1884673
2022,1,PA,27,DC,349
2022,1,PA,30,NOVO,6130
2022,1,PA,44,UNIÃO,19297
2022,1,PA,80,UP,1004
2022,1,PB,12,PDT,76225
2022,1,PB,13,PT,1554868
2022,1,PB,14,PTB,1489
2022,1,PB,15,MDB,57154
2022,1,PB,16,PSTU,332
2022,1,PB,21,PCB,634
2022,1,PB,22,PL,717416
2022,1,PB,27,DC,283
2022,1,PB,30,NOVO,3996
2022,1,PB,44,UNIÃO,8713
2022,1,PB,80,UP,578
2022,1,PE,12,PDT,130015
2022,1,PE,13,PT,3558322
2022,1,PE,14,PTB,2991
2022,1,PE,15,MDB,96570
2022,1,PE,16,PSTU,765
2022,1,PE,21,PCB,1419
2022,1,PE,22,PL,1630938
2022,1,PE,27,DC,456
2022,1,PE,30,NOVO,8633
2022,1,PE,44,UNIÃO,20686
2022,1,PE,80,UP,1214
2022,1,PI,12,PDT,59321
2022,1,PI,13,PT,1518008
2022,1,PI,14,PTB,1122
2022,1,PI,15,MDB,42179
2022,1,PI,16,PSTU,317
2022,1,PI,21,PCB,427
2022,1,PI,22,PL,406897
2022,1,PI,27,DC,150
2022,1,PI,30,NOVO,2562
2022,1,PI,44,UNIÃO,13053
2022,1,PI,80,UP,350
2022,1,PR,12,PDT,180599
2022,1,PR,13,PT,2363492
2022,1,PR,14,PTB,5161
2022,1,PR,15,MDB,309685
2022,1,PR,16,PSTU,1170
2022,1,PR,21,PCB,2744
2022,1,PR,22,PL,3628612
2022,1,PR,27,DC,1104
2022,1,PR,30,NOVO,37983
2022,1,PR,44,UNIÃO,34125
2022,1,PR,80,UP,2089
2022,1,RJ,12,PDT,301489
2022,1,RJ,13,PT,3847143
2022,1,RJ,14,PTB,7760
2022,1,RJ,15,MDB,365969
2022,1,RJ,16,PSTU,2643
2022,1,RJ,21,PCB,4458
2022,1,RJ,22,PL,4831246
2022,1,RJ,27,DC,1546
2022,1,RJ,30,NOVO,43091
2022,1,RJ,44,UNIÃO,44252
2022,1,RJ,80,UP,7080
2022,1,RN,12,PDT,71740
2022,1,RN,13,PT,1264179
2022,1,RN,14,PTB,860
2022,1,RN,15,MDB,38633
2022,1,RN,16,PSTU,422
2022,1,RN,21,PCB,606
2022,1,RN,22,PL,622731
2022,1,RN,27,DC,243
2022,1,RN,30,NOVO,2937
2022,1,RN,44,UNIÃO,4326
2022,1,RN,80,UP,587
2022,1,RO,12,PDT,19353
2022,1,RO,13,PT,261749
2022,1,RO,14,PTB,749
2022,1,RO,15,MDB,31217
2022,1,RO,16,PSTU,139
2022,1,RO,21,PCB,232
2022,1,RO,22,PL,581306
2022,1,RO,27,DC,111
2022,1,RO,30,NOVO,2398
2022,1,RO,44,UNIÃO,5777
2022,1,RO,80,UP,204
2022,1,RR,12,PDT,6709
2022,1,RR,13,PT,68760
2022,1,RR,14,PTB,190
2022,1,RR,15,MDB,12956
2022,1,RR,16,PSTU,75
2022,1,RR,21,PCB,64
2022,1,RR,22,PL,207587
2022,1,RR,27,DC,37
2022,1,RR,30,NOVO,794
2022,1,RR,44,UNIÃO,1138
2022,1,RR,80,UP,59
2022,1,RS,12,PDT,190945
2022,1,RS,13,PT,2806672
2022,1,RS,14,PTB,4394
2022,1,RS,15,MDB,317957
2022,1,RS,16,PSTU,1337
2022,1,RS,21,PCB,2399
2022,1,RS,22,PL,3245023
2022,1,RS,27,DC,885
2022,1,RS,30,NOVO,40601
2022,1,RS,44,UNIÃO,25207
2022,1,RS,80,UP,2332
2022,1,SC,12,PDT,88672
2022,1,SC,13,PT,1279216
2022,1,SC,14,PTB,3369
2022,1,SC,15,MDB,191310
2022,1,SC,16,PSTU,838
2022,1,SC,21,PCB,1812
2022,1,SC,22,PL,2694406
2022,1,SC,27,DC,567
2022,1,SC,30,NOVO,48980
2022,1,SC,44,UNIÃO,20132
2022,1,SC,80,UP,1682
2022,1,SE,12,PDT,40247
2022,1,SE,13,PT,828716
2022,1,SE,14,PTB,631
2022,1,SE,15,MDB,42073
2022,1,SE,16,PSTU,589
2022,1,SE,21,PCB,364
2022,1,SE,22,PL,378610
2022,1,SE,27,DC,196
2022,1,SE,30,NOVO,2194
2022,1,SE,44,UNIÃO,4416
2022,1,SE,80,UP,396
2022,1,SP,12,PDT,898540
2022,1,SP,13,PT,10490032
2022,1,SP,14,PTB,15784
2022,1,SP,15,MDB,1625596
2022,1,SP,16,PSTU,7450
2022,1,SP,21,PCB,14943
2022,1,SP,22,PL,12239989
2022,1,SP,27,DC,5015
2022,1,SP,30,NOVO,183719
2022,1,SP,44,UNIÃO,153601
2022,1,SP,80,UP,21665
2022,1,TO,12,PDT,18141
2022,1,TO,13,PT,434303
2022,1,TO,14,PTB,418
2022,1,TO,15,MDB,25209
2022,1,TO,16,PSTU,90
2022,1,TO,21,PCB,149
2022,1,TO,22,PL,379194
2022,1,TO,27,DC,105
2022,1,TO,30,NOVO,1266
2022,1,TO,44,UNIÃO,2788
2022,1,TO,80,UP,129
2022,1,ZZ,12,PDT,13341
2022,1,ZZ,13,PT,138933
2022,1,ZZ,14,PTB,344
2022,1,ZZ,15,MDB,13167
2022,1,ZZ,16,PSTU,464
2022,1,ZZ,21,PCB,618
2022,1,ZZ,22,PL,122548
2022,1,ZZ,27,DC,258
2022,1,ZZ,30,NOVO,3780
2022,1,ZZ,44,UNIÃO,753
2022,1,ZZ,80,UP,319
2022,2,AC,13,PT,121566
2022,2,AC,22,PL,287750
2022,2,AL,13,PT,976831
2022,2,AL,22,PL,687827
2022,2,AM,13,PT,1004991
2022,2,AM,22,PL,961741
2022,2,AP,13,PT,189918
2022,2,AP,22,PL,200547
2022,2,BA,13,PT,6097815
2022,2,BA,22,PL,2357028
2022,2,CE,13,PT,3807891
2022,2,CE,22,PL,1634477
2022,2,DF,13,PT,729295
2022,2,DF,22,PL,1041331
2022,2,ES,13,PT,926767
2022,2,ES,22,PL,1282145
2022,2,GO,13,PT,1542115
2022,2,GO,22,PL,2193041
2022,2,MA,13,PT,2668425
2022,2,MA,22,PL,1082749
2022,2,MG,13,PT,6190960
2022,2,MG,22,PL,6141310
2022,2,MS,13,PT,599547
2022,2,MS,22,PL,880606
2022,2,MT,13,PT,652786
2022,2,MT,22,PL,1216730
2022,2,PA,13,PT,2509084
2022,2,PA,22,PL,2073895
2022,2,PB,13,PT,1601953
2022,2,PB,22,PL,802502
2022,2,PE,13,PT,3640933
2022,2,PE,22,PL,1798832
2022,2,PI,13,PT,1551383
2022,2,PI,22,PL,467065
2022,2,PR,13,PT,2506605
2022,2,PR,22,PL,4159343
2022,2,RJ,13,PT,4156217
2022,2,RJ,22,PL,5403894
2022,2,RN,13,PT,1326785
2022,2,RN,22,PL,711381
2022,2,RO,13,PT,262904
2022,2,RO,22,PL,633236
2022,2,RR,13,PT,67128
2022,2,RR,22,PL,213518
2022,2,RS,13,PT,2891851
2022,2,RS,22,PL,3733185
2022,2,SC,13,PT,1351918
2022,2,SC,22,PL,3047630
2022,2,SE,13,PT,862951
2022,2,SE,22,PL,421086
2022,2,SP,13,PT,11519882
2022,2,SP,22,PL,14216587
2022,2,TO,13,PT,434593
2022,2,TO,22,PL,411654
2022,2,ZZ,13,PT,152905
2022,2,ZZ,22,PL,145264
