ano,turno,numero,partido,votos,pct_validos
2002,1,13,PT,39455233,46.44
2002,1,45,PSDB,19705445,23.2
2002,1,40,PSB,15180097,17.87
2002,1,23,PPS,10170882,11.97
2002,1,16,PSTU,402236,0.47
2002,1,29,PCO,38619,0.05
2002,2,13,PT,52793364,61.27
2002,2,45,PSDB,33370739,38.73
2006,1,13,PT,46662365,48.61
2006,1,45,PSDB,39968369,41.64
2006,1,50,PSOL,6575393,6.85
2006,1,12,PDT,2538844,2.64
2006,1,44,PRP,126404,0.13
2006,1,27,PSDC,63294,0.07
2006,1,17,PSL,62064,0.06
2006,2,13,PT,58295042,60.83
2006,2,45,PSDB,37543178,39.17
2010,1,13,PT,47651434,46.91
2010,1,45,PSDB,33132283,32.61
2010,1,43,PV,19636359,19.33
2010,1,50,PSOL,886816,0.87
2010,1,27,PSDC,89350,0.09
2010,1,16,PSTU,84609,0.08
2010,1,28,PRTB,57960,0.06
2010,1,21,PCB,39136,0.04
2010,1,29,PCO,12206,0.01
2010,2,13,PT,55752529,56.05
2010,2,45,PSDB,43711388,43.95
2014,1,13,PT,43267668,41.59
2014,1,45,PSDB,34897211,33.55
2014,1,40,PSB,22176619,21.32
2014,1,50,PSOL,1612186,1.55
2014,1,20,PSC,780513,0.75
2014,1,43,PV,630099,0.61
2014,1,28,PRTB,446878,0.43
2014,1,16,PSTU,91209,0.09
2014,1,27,PSDC,61250,0.06
2014,1,21,PCB,47845,0.05
2014,1,29,PCO,12324,0.01
2014,2,13,PT,54501118,51.64
2014,2,45,PSDB,51041155,48.36
2018,1,17,PSL,49277010,46.03
2018,1,13,PT,31342051,29.28
2018,1,12,PDT,13344371,12.47
2018,1,45,PSDB,5096350,4.76
2018,1,30,NOVO,2679745,2.5
2018,1,51,PATRI,1348323,1.26
2018,1,15,MDB,1288950,1.2
2018,1,18,REDE,1069578,1.0
2018,1,19,PODE,859601,0.8
2018,1,50,PSOL,617122,0.58
2018,1,16,PSTU,55762,0.05
2018,1,27,DC,41710,0.04
2018,1,54,PPL,30176,0.03
2018,2,17,PSL,57797847,55.13
2018,2,13,PT,47040906,44.87
2022,1,13,PT,57259504,48.43
2022,1,22,PL,51072345,43.2
2022,1,15,MDB,4915423,4.16
2022,1,12,PDT,3599287,3.04
2022,1,44,UNIÃO,600955,0.51
2022,1,30,NOVO,559708,0.47
2022,1,14,PTB,81129,0.07
2022,1,80,UP,53519,0.05
2022,1,21,PCB,45620,0.04
2022,1,16,PSTU,25625,0.02
2022,1,27,DC,16604,0.01
2022,2,13,PT,60345999,50.9
2022,2,22,PL,58206354,49.1
