coleta_id,horario,versao_tse_br
20261004-181819,2026-10-04 18:18:19,04/10/2026 18:16:13
20261004-182215,2026-10-04 18:22:15,04/10/2026 18:19:31
20261004-182747,2026-10-04 18:27:47,04/10/2026 18:23:12
20261004-182835,2026-10-04 18:28:35,04/10/2026 18:26:58
20261004-183503,2026-10-04 18:35:03,04/10/2026 18:32:24
20261004-184151,2026-10-04 18:41:51,04/10/2026 18:37:14
20261004-184628,2026-10-04 18:46:28,04/10/2026 18:43:29
20261004-185258,2026-10-04 18:52:58,04/10/2026 18:48:59
20261004-191428,2026-10-04 19:14:28,04/10/2026 19:14:08
20261004-192808,2026-10-04 19:28:08,04/10/2026 19:14:08
20261004-193036,2026-10-04 19:30:36,04/10/2026 19:14:08
20261004-193406,2026-10-04 19:34:06,04/10/2026 19:14:08
20261004-193736,2026-10-04 19:37:36,04/10/2026 19:14:08
20261004-194146,2026-10-04 19:41:46,04/10/2026 19:14:08
20261004-200350,2026-10-04 20:03:50,04/10/2026 19:14:08
20261004-200652,2026-10-04 20:06:52,04/10/2026 20:04:39
20261004-200727,2026-10-04 20:07:27,04/10/2026 20:04:39
20261004-201057,2026-10-04 20:10:57,04/10/2026 20:04:39
20261004-201427,2026-10-04 20:14:27,04/10/2026 20:14:06
20261004-201756,2026-10-04 20:17:56,04/10/2026 20:17:23
20261004-202117,2026-10-04 20:21:17,04/10/2026 20:20:24
20261004-202311,2026-10-04 20:23:11,04/10/2026 20:22:34
20261004-202641,2026-10-04 20:26:41,04/10/2026 20:25:44
20261004-203011,2026-10-04 20:30:11,04/10/2026 20:29:25
20261004-203341,2026-10-04 20:33:41,04/10/2026 20:32:34
20261004-203702,2026-10-04 20:37:02,04/10/2026 20:36:24
20261004-204032,2026-10-04 20:40:32,04/10/2026 20:39:34
20261004-204402,2026-10-04 20:44:02,04/10/2026 20:43:24
20261004-204733,2026-10-04 20:47:33,04/10/2026 20:47:04
20261004-205104,2026-10-04 20:51:04,04/10/2026 20:50:25
20261004-205434,2026-10-04 20:54:34,04/10/2026 20:53:34
20261004-205812,2026-10-04 20:58:12,04/10/2026 20:57:34
20261004-210142,2026-10-04 21:01:42,04/10/2026 21:00:44
20261004-210400,2026-10-04 21:04:00,04/10/2026 21:03:24
20261004-210731,2026-10-04 21:07:31,04/10/2026 21:07:06
20261004-211101,2026-10-04 21:11:01,04/10/2026 21:10:14
20261004-211432,2026-10-04 21:14:32,04/10/2026 21:13:25
20261004-211802,2026-10-04 21:18:02,04/10/2026 21:17:06
20261004-212133,2026-10-04 21:21:33,04/10/2026 21:20:55
20261004-212503,2026-10-04 21:25:03,04/10/2026 21:24:35
