de,ate,abrangencia,validos_novos,novos_flavio,novos_lula,novos_outros,saldo_flavio_menos_lula,pct_lote_flavio,pct_lote_lula,margem_acumulada_antes_pp
2026-10-04 18:18:19,2026-10-04 18:22:15,BR,4409896,2185596,1867731,356569,317865,49.561,42.353,10.32
2026-10-04 18:18:19,2026-10-04 18:22:15,AC,25132,16358,6970,1804,9388,65.088,27.734,34.335
2026-10-04 18:18:19,2026-10-04 18:22:15,AL,29319,11330,16877,1112,-5547,38.644,57.563,-17.895
2026-10-04 18:18:19,2026-10-04 18:22:15,AM,54156,27496,22291,4369,5205,50.772,41.161,8.387
2026-10-04 18:18:19,2026-10-04 18:22:15,AP,17708,8342,7957,1409,385,47.109,44.934,-10.553
2026-10-04 18:18:19,2026-10-04 18:22:15,BA,227560,67328,146878,13354,-79550,29.587,64.545,-34.53
2026-10-04 18:18:19,2026-10-04 18:22:15,CE,102397,33605,62840,5952,-29235,32.818,61.369,-26.455
2026-10-04 18:18:19,2026-10-04 18:22:15,DF,42779,22149,16303,4327,5846,51.775,38.11,12.993
2026-10-04 18:18:19,2026-10-04 18:22:15,ES,101740,58581,35839,7320,22742,57.579,35.226,20.024
2026-10-04 18:18:19,2026-10-04 18:22:15,GO,152107,84600,44872,22635,39728,55.619,29.5,28.542
2026-10-04 18:18:19,2026-10-04 18:22:15,MA,124094,43549,73810,6735,-30261,35.094,59.479,-26.487
2026-10-04 18:18:19,2026-10-04 18:22:15,MG,568642,277946,242353,48343,35593,48.879,42.62,7.634
2026-10-04 18:18:19,2026-10-04 18:22:15,MS,80908,45812,30014,5082,15798,56.622,37.096,27.405
2026-10-04 18:18:19,2026-10-04 18:22:15,MT,78813,51352,22954,4507,28398,65.157,29.125,36.275
2026-10-04 18:18:19,2026-10-04 18:22:15,PA,189201,91913,85821,11467,6092,48.58,45.36,-1.604
2026-10-04 18:18:19,2026-10-04 18:22:15,PB,168162,55220,103560,9382,-48340,32.837,61.583,-27.191
2026-10-04 18:18:19,2026-10-04 18:22:15,PE,163179,55799,97436,9944,-41637,34.195,59.711,-28.016
2026-10-04 18:18:19,2026-10-04 18:22:15,PI,113217,29033,78166,6018,-49133,25.644,69.041,-40.2
2026-10-04 18:18:19,2026-10-04 18:22:15,PR,269802,161949,83063,24790,78886,60.025,30.787,29.58
2026-10-04 18:18:19,2026-10-04 18:22:15,RJ,98548,52292,38979,7277,13313,53.062,39.553,11.613
2026-10-04 18:18:19,2026-10-04 18:22:15,RN,56192,17960,35118,3114,-17158,31.962,62.496,-26.555
2026-10-04 18:18:19,2026-10-04 18:22:15,RO,42303,29821,10036,2446,19785,70.494,23.724,33.905
2026-10-04 18:18:19,2026-10-04 18:22:15,RR,3802,2746,900,156,1846,72.225,23.672,40.173
2026-10-04 18:18:19,2026-10-04 18:22:15,RS,461636,256204,164991,40441,91213,55.499,35.74,23.789
2026-10-04 18:18:19,2026-10-04 18:22:15,SC,152347,103524,36324,12499,67200,67.953,23.843,32.582
2026-10-04 18:18:19,2026-10-04 18:22:15,SE,77981,27083,45091,5807,-18008,34.73,57.823,-23.047
2026-10-04 18:18:19,2026-10-04 18:22:15,SP,1008171,553604,358288,96279,195316,54.912,35.538,25.489
2026-10-04 18:22:15,2026-10-04 18:27:47,BR,6375522,3182428,2675207,517887,507221,49.916,41.961,9.836
2026-10-04 18:22:15,2026-10-04 18:27:47,AC,55491,36849,15022,3620,21827,66.405,27.071,34.657
2026-10-04 18:22:15,2026-10-04 18:27:47,AL,41324,14775,24600,1949,-9825,35.754,59.53,-18.101
2026-10-04 18:22:15,2026-10-04 18:27:47,AM,135694,66712,58538,10444,8174,49.164,43.14,8.471
2026-10-04 18:22:15,2026-10-04 18:27:47,AP,12360,5555,5817,988,-262,44.943,47.063,-8.28
2026-10-04 18:22:15,2026-10-04 18:27:47,BA,293860,86015,190854,16991,-104839,29.271,64.947,-34.642
2026-10-04 18:22:15,2026-10-04 18:27:47,CE,173969,56453,107137,10379,-50684,32.45,61.584,-26.794
2026-10-04 18:22:15,2026-10-04 18:27:47,DF,44720,23614,16532,4574,7082,52.804,36.968,13.012
2026-10-04 18:22:15,2026-10-04 18:27:47,ES,262976,144923,98649,19404,46274,55.109,37.513,20.228
2026-10-04 18:22:15,2026-10-04 18:27:47,GO,298538,164846,88843,44849,76003,55.218,29.759,28.158
2026-10-04 18:22:15,2026-10-04 18:27:47,MA,180056,59670,110246,10140,-50576,33.14,61.229,-26.132
2026-10-04 18:22:15,2026-10-04 18:27:47,MG,749610,375115,308744,65751,66371,50.041,41.187,7.282
2026-10-04 18:22:15,2026-10-04 18:27:47,MS,100981,60702,33230,7049,27472,60.112,32.907,26.791
2026-10-04 18:22:15,2026-10-04 18:27:47,MT,159619,107232,43635,8752,63597,67.18,27.337,36.252
2026-10-04 18:22:15,2026-10-04 18:27:47,PA,146250,66468,71564,8218,-5096,45.448,48.933,-1.05
2026-10-04 18:22:15,2026-10-04 18:27:47,PB,160802,51705,100680,8417,-48975,32.154,62.611,-27.372
2026-10-04 18:22:15,2026-10-04 18:27:47,PE,238197,75988,148803,13406,-72815,31.901,62.471,-27.474
2026-10-04 18:22:15,2026-10-04 18:27:47,PI,139939,35787,96716,7436,-60929,25.573,69.113,-40.756
2026-10-04 18:22:15,2026-10-04 18:27:47,PR,549750,332707,167077,49966,165630,60.52,30.391,29.556
2026-10-04 18:22:15,2026-10-04 18:27:47,RJ,244718,135180,91626,17912,43554,55.239,37.441,11.945
2026-10-04 18:22:15,2026-10-04 18:27:47,RN,91816,29627,57407,4782,-27780,32.268,62.524,-27.079
2026-10-04 18:22:15,2026-10-04 18:27:47,RO,78129,55434,18401,4294,37033,70.952,23.552,35.085
2026-10-04 18:22:15,2026-10-04 18:27:47,RR,25673,18339,5902,1432,12437,71.433,22.989,40.768
2026-10-04 18:22:15,2026-10-04 18:27:47,RS,486237,264476,179728,42033,84748,54.392,36.963,23.066
2026-10-04 18:22:15,2026-10-04 18:27:47,SC,285399,175769,84146,25484,91623,61.587,29.484,34.585
2026-10-04 18:22:15,2026-10-04 18:27:47,SE,122529,40538,73369,8622,-32831,33.084,59.879,-23.062
2026-10-04 18:22:15,2026-10-04 18:27:47,SP,1184508,642042,428079,114387,213963,54.203,36.14,23.247
2026-10-04 18:22:15,2026-10-04 18:27:47,TO,112377,55907,49862,6608,6045,49.75,44.37,7.427
2026-10-04 18:27:47,2026-10-04 18:28:35,BR,647760,281583,322596,43581,-41013,43.47,49.802,9.491
2026-10-04 18:27:47,2026-10-04 18:28:35,AM,22170,10174,10529,1467,-355,45.891,47.492,8.114
2026-10-04 18:27:47,2026-10-04 18:28:35,BA,159043,48938,100133,9972,-51195,30.77,62.96,-34.903
2026-10-04 18:27:47,2026-10-04 18:28:35,DF,19543,9933,7533,2077,2400,50.826,38.546,13.092
2026-10-04 18:27:47,2026-10-04 18:28:35,MA,36557,11762,23018,1777,-11256,32.174,62.965,-26.517
2026-10-04 18:27:47,2026-10-04 18:28:35,MS,22668,13014,8117,1537,4897,57.411,35.808,26.828
2026-10-04 18:27:47,2026-10-04 18:28:35,PA,59960,26685,29550,3725,-2865,44.505,49.283,-1.249
2026-10-04 18:27:47,2026-10-04 18:28:35,PB,42867,16508,23612,2747,-7104,38.51,55.082,-27.682
2026-10-04 18:27:47,2026-10-04 18:28:35,PE,36813,11680,23027,2106,-11347,31.728,62.551,-28.218
2026-10-04 18:27:47,2026-10-04 18:28:35,PI,24547,6218,16946,1383,-10728,25.331,69.035,-41.249
2026-10-04 18:27:47,2026-10-04 18:28:35,RJ,84157,45515,32336,6306,13179,54.083,38.423,13.715
2026-10-04 18:27:47,2026-10-04 18:28:35,RO,23593,16570,5515,1508,11055,70.233,23.376,36.869
2026-10-04 18:27:47,2026-10-04 18:28:35,SC,63699,42549,15860,5290,26689,66.797,24.898,33.975
2026-10-04 18:27:47,2026-10-04 18:28:35,SE,34472,11710,20301,2461,-8591,33.97,58.891,-24.338
2026-10-04 18:27:47,2026-10-04 18:28:35,TO,17671,10327,6119,1225,4208,58.44,34.627,7.102
2026-10-04 18:28:35,2026-10-04 18:35:03,BR,7170287,3613109,2957854,599324,655255,50.39,41.252,9.202
2026-10-04 18:28:35,2026-10-04 18:35:03,AC,35974,23661,9778,2535,13883,65.773,27.181,35.55
2026-10-04 18:28:35,2026-10-04 18:35:03,AL,58204,23111,32372,2721,-9261,39.707,55.618,-19.353
2026-10-04 18:28:35,2026-10-04 18:35:03,AM,90947,43782,40317,6848,3465,48.14,44.33,7.888
2026-10-04 18:28:35,2026-10-04 18:35:03,AP,36648,16536,16810,3302,-274,45.121,45.869,-7.597
2026-10-04 18:28:35,2026-10-04 18:35:03,BA,369977,108584,239852,21541,-131268,29.349,64.829,-34.577
2026-10-04 18:28:35,2026-10-04 18:35:03,CE,232841,78489,140648,13704,-62159,33.709,60.405,-27.298
2026-10-04 18:28:35,2026-10-04 18:35:03,DF,33331,17821,12081,3429,5740,53.467,36.246,13.082
2026-10-04 18:28:35,2026-10-04 18:35:03,ES,214994,117420,81877,15697,35543,54.615,38.083,19.742
2026-10-04 18:28:35,2026-10-04 18:35:03,GO,328605,181371,96735,50499,84636,55.194,29.438,27.517
2026-10-04 18:28:35,2026-10-04 18:35:03,MA,185221,60004,115154,10063,-55150,32.396,62.171,-26.682
2026-10-04 18:28:35,2026-10-04 18:35:03,MG,757874,376676,316848,64350,59828,49.702,41.807,7.678
2026-10-04 18:28:35,2026-10-04 18:35:03,MS,79985,46897,28055,5033,18842,58.632,35.075,26.726
2026-10-04 18:28:35,2026-10-04 18:35:03,MT,190193,128328,51532,10333,76796,67.473,27.095,36.824
2026-10-04 18:28:35,2026-10-04 18:35:03,PA,226190,104787,108382,13021,-3595,46.327,47.916,-1.363
2026-10-04 18:28:35,2026-10-04 18:35:03,PB,91692,32776,53033,5883,-20257,35.746,57.838,-27.393
2026-10-04 18:28:35,2026-10-04 18:35:03,PE,158608,52472,97126,9010,-44654,33.083,61.237,-28.312
2026-10-04 18:28:35,2026-10-04 18:35:03,PI,112586,26455,80652,5479,-54197,23.498,71.636,-41.323
2026-10-04 18:28:35,2026-10-04 18:35:03,PR,720763,426040,230719,64004,195321,59.11,32.01,29.627
2026-10-04 18:28:35,2026-10-04 18:35:03,RJ,374373,197078,148906,28389,48172,52.642,39.775,13.899
2026-10-04 18:28:35,2026-10-04 18:35:03,RN,113503,39434,68105,5964,-28671,34.743,60.003,-27.642
2026-10-04 18:28:35,2026-10-04 18:35:03,RO,54508,38676,12806,3026,25870,70.955,23.494,37.288
2026-10-04 18:28:35,2026-10-04 18:35:03,RR,32325,23110,7320,1895,15790,71.493,22.645,43.255
2026-10-04 18:28:35,2026-10-04 18:35:03,RS,392223,213064,145203,33956,67861,54.322,37.021,22.169
2026-10-04 18:28:35,2026-10-04 18:35:03,SC,229813,154333,55945,19535,98388,67.156,24.344,34.387
2026-10-04 18:28:35,2026-10-04 18:35:03,SE,87234,27783,53557,5894,-25774,31.849,61.395,-24.389
2026-10-04 18:28:35,2026-10-04 18:35:03,SP,1925705,1035719,698958,191028,336761,53.784,36.296,21.686
2026-10-04 18:28:35,2026-10-04 18:35:03,TO,35970,18702,15083,2185,3619,51.993,41.932,7.509
2026-10-04 18:35:03,2026-10-04 18:41:51,BR,7361692,3650576,3102341,608775,548235,49.589,42.142,9.191
2026-10-04 18:35:03,2026-10-04 18:41:51,AC,40068,26108,11249,2711,14859,65.159,28.075,35.885
2026-10-04 18:35:03,2026-10-04 18:41:51,AL,37829,11953,24431,1445,-12478,31.597,64.583,-18.537
2026-10-04 18:35:03,2026-10-04 18:41:51,AM,114094,55136,50399,8559,4737,48.325,44.173,7.533
2026-10-04 18:35:03,2026-10-04 18:41:51,AP,29972,12852,14552,2568,-1700,42.88,48.552,-5.902
2026-10-04 18:35:03,2026-10-04 18:41:51,BA,275021,84354,175646,15021,-91292,30.672,63.866,-34.774
2026-10-04 18:35:03,2026-10-04 18:41:51,CE,207124,70068,124873,12183,-54805,33.829,60.289,-27.164
2026-10-04 18:35:03,2026-10-04 18:41:51,DF,50460,24860,20351,5249,4509,49.267,40.331,13.168
2026-10-04 18:35:03,2026-10-04 18:41:51,ES,150228,80567,58680,10981,21887,53.63,39.061,19.321
2026-10-04 18:35:03,2026-10-04 18:41:51,GO,299245,160575,92009,46661,68566,53.66,30.747,27.152
2026-10-04 18:35:03,2026-10-04 18:41:51,MA,196996,61680,125406,9910,-63726,31.31,63.659,-27.186
2026-10-04 18:35:03,2026-10-04 18:41:51,MG,495915,250118,204655,41142,45463,50.436,41.268,7.722
2026-10-04 18:35:03,2026-10-04 18:41:51,MS,74762,40731,30014,4017,10717,54.481,40.146,26.521
2026-10-04 18:35:03,2026-10-04 18:41:51,MT,130687,85529,37617,7541,47912,65.446,28.784,37.39
2026-10-04 18:35:03,2026-10-04 18:41:51,PA,232319,105286,114499,12534,-9213,45.32,49.285,-1.388
2026-10-04 18:35:03,2026-10-04 18:41:51,PB,145362,49606,87188,8568,-37582,34.126,59.98,-27.113
2026-10-04 18:35:03,2026-10-04 18:41:51,PE,351913,114971,216380,20562,-101409,32.67,61.487,-28.291
2026-10-04 18:35:03,2026-10-04 18:41:51,PI,122543,30087,86084,6372,-55997,24.552,70.248,-42.15
2026-10-04 18:35:03,2026-10-04 18:41:51,PR,332875,197201,106752,28922,90449,59.242,32.07,29.273
2026-10-04 18:35:03,2026-10-04 18:41:51,RJ,619042,331570,242190,45282,89380,53.562,39.123,13.594
2026-10-04 18:35:03,2026-10-04 18:41:51,RN,103416,37295,60416,5705,-23121,36.063,58.42,-27.214
2026-10-04 18:35:03,2026-10-04 18:41:51,RO,67089,47854,15188,4047,32666,71.329,22.639,38.186
2026-10-04 18:35:03,2026-10-04 18:41:51,RR,41929,30453,8915,2561,21538,72.63,21.262,44.876
2026-10-04 18:35:03,2026-10-04 18:41:51,RS,574713,305236,218271,51206,86965,53.111,37.979,21.616
2026-10-04 18:35:03,2026-10-04 18:41:51,SC,351781,239589,82816,29376,156773,68.107,23.542,35.717
2026-10-04 18:35:03,2026-10-04 18:41:51,SE,78776,21467,52451,4858,-30984,27.251,66.582,-25.326
2026-10-04 18:35:03,2026-10-04 18:41:51,SP,2197551,1156148,823063,218340,333085,52.611,37.454,20.307
2026-10-04 18:35:03,2026-10-04 18:41:51,TO,39609,19057,18124,2428,933,48.113,45.757,7.629
2026-10-04 18:35:03,2026-10-04 18:41:51,ZZ,373,225,122,26,103,60.322,32.708,-14.177
2026-10-04 18:41:51,2026-10-04 18:46:28,BR,4672220,2245835,2048312,378073,197523,48.068,43.84,8.934
2026-10-04 18:41:51,2026-10-04 18:46:28,AC,17168,11091,5096,981,5995,64.603,29.683,36.016
2026-10-04 18:41:51,2026-10-04 18:46:28,AL,40836,14350,24856,1630,-10506,35.141,60.868,-20.466
2026-10-04 18:41:51,2026-10-04 18:46:28,AM,82292,38271,38290,5731,-19,46.506,46.529,7.2
2026-10-04 18:41:51,2026-10-04 18:46:28,AP,19385,8806,9008,1571,-202,45.427,46.469,-5.864
2026-10-04 18:41:51,2026-10-04 18:46:28,BA,310712,94354,199300,17058,-104946,30.367,64.143,-34.553
2026-10-04 18:41:51,2026-10-04 18:46:28,CE,189470,59984,118734,10752,-58750,31.659,62.666,-27.047
2026-10-04 18:41:51,2026-10-04 18:46:28,DF,16386,8672,5969,1745,2703,52.923,36.427,13.04
2026-10-04 18:41:51,2026-10-04 18:46:28,ES,66268,34346,27008,4914,7338,51.829,40.756,18.922
2026-10-04 18:41:51,2026-10-04 18:46:28,GO,214384,116386,64633,33365,51753,54.289,30.148,26.479
2026-10-04 18:41:51,2026-10-04 18:46:28,MA,125006,40111,78604,6291,-38493,32.087,62.88,-27.948
2026-10-04 18:41:51,2026-10-04 18:46:28,MG,283831,138638,119891,25302,18747,48.845,42.24,7.892
2026-10-04 18:41:51,2026-10-04 18:46:28,MS,32910,18698,12274,1938,6424,56.816,37.296,25.829
2026-10-04 18:41:51,2026-10-04 18:46:28,MT,98740,65581,27742,5417,37839,66.418,28.096,37.318
2026-10-04 18:41:51,2026-10-04 18:46:28,PA,148347,65014,75271,8062,-10257,43.826,50.74,-1.647
2026-10-04 18:41:51,2026-10-04 18:46:28,PB,88362,26986,56930,4446,-29944,30.54,64.428,-27.015
2026-10-04 18:41:51,2026-10-04 18:46:28,PE,201998,65386,124817,11795,-59431,32.37,61.791,-28.411
2026-10-04 18:41:51,2026-10-04 18:46:28,PI,77589,18516,55241,3832,-36725,23.864,71.197,-42.563
2026-10-04 18:41:51,2026-10-04 18:46:28,PR,194888,117311,61597,15980,55714,60.194,31.606,29.145
2026-10-04 18:41:51,2026-10-04 18:46:28,RJ,355198,190737,137330,27131,53407,53.699,38.663,13.871
2026-10-04 18:41:51,2026-10-04 18:46:28,RN,110527,38816,65502,6209,-26686,35.119,59.263,-26.531
2026-10-04 18:41:51,2026-10-04 18:46:28,RO,35723,25675,7852,2196,17823,71.872,21.98,39.216
2026-10-04 18:41:51,2026-10-04 18:46:28,RR,17295,12776,3321,1198,9455,73.871,19.202,46.649
2026-10-04 18:41:51,2026-10-04 18:46:28,RS,322578,174609,120191,27778,54418,54.129,37.26,20.69
2026-10-04 18:41:51,2026-10-04 18:46:28,SC,310825,212705,71827,26293,140878,68.432,23.109,37.439
2026-10-04 18:41:51,2026-10-04 18:46:28,SE,119354,37419,73804,8131,-36385,31.351,61.836,-27.299
2026-10-04 18:41:51,2026-10-04 18:46:28,SP,1168834,599579,452425,116830,147154,51.297,38.707,18.902
2026-10-04 18:41:51,2026-10-04 18:46:28,TO,21953,10351,10210,1392,141,47.151,46.508,7.369
2026-10-04 18:41:51,2026-10-04 18:46:28,ZZ,1361,667,589,105,78,49.008,43.277,-14.106
2026-10-04 18:46:28,2026-10-04 18:52:58,BR,6726948,3275705,2882353,568890,393352,48.695,42.848,8.531
2026-10-04 18:46:28,2026-10-04 18:52:58,AC,17482,11440,5016,1026,6424,65.439,28.692,35.967
2026-10-04 18:46:28,2026-10-04 18:52:58,AL,35724,13744,20430,1550,-6686,38.473,57.188,-21.129
2026-10-04 18:46:28,2026-10-04 18:52:58,AM,75933,35580,34747,5606,833,46.857,45.76,6.721
2026-10-04 18:46:28,2026-10-04 18:52:58,AP,21160,9605,9606,1949,-1,45.392,45.397,-5.39
2026-10-04 18:46:28,2026-10-04 18:52:58,BA,408445,126078,259207,23160,-133129,30.868,63.462,-34.447
2026-10-04 18:46:28,2026-10-04 18:52:58,CE,237234,79319,144373,13542,-65054,33.435,60.857,-27.569
2026-10-04 18:46:28,2026-10-04 18:52:58,DF,17003,8823,6411,1769,2412,51.891,37.705,13.073
2026-10-04 18:46:28,2026-10-04 18:52:58,ES,60248,31947,23791,4510,8156,53.026,39.488,18.641
2026-10-04 18:46:28,2026-10-04 18:52:58,GO,223410,119231,69498,34681,49733,53.369,31.108,26.24
2026-10-04 18:46:28,2026-10-04 18:52:58,MA,153865,50023,95641,8201,-45618,32.511,62.159,-28.192
2026-10-04 18:46:28,2026-10-04 18:52:58,MG,857333,416766,366201,74366,50565,48.612,42.714,7.811
2026-10-04 18:46:28,2026-10-04 18:52:58,MS,22474,12576,8864,1034,3712,55.958,39.441,25.675
2026-10-04 18:46:28,2026-10-04 18:52:58,MT,64481,42839,18247,3395,24592,66.437,28.298,37.388
2026-10-04 18:46:28,2026-10-04 18:52:58,PA,194665,85039,98841,10785,-13802,43.685,50.775,-1.964
2026-10-04 18:46:28,2026-10-04 18:52:58,PB,81010,27636,48915,4459,-21279,34.114,60.381,-27.324
2026-10-04 18:46:28,2026-10-04 18:52:58,PE,221384,69487,139552,12345,-70065,31.388,63.036,-28.528
2026-10-04 18:46:28,2026-10-04 18:52:58,PI,100508,24569,71360,4579,-46791,24.445,70.999,-42.891
2026-10-04 18:46:28,2026-10-04 18:52:58,PR,201355,121808,62251,17296,59557,60.494,30.916,29.126
2026-10-04 18:46:28,2026-10-04 18:52:58,RJ,408245,219258,158922,30065,60336,53.707,38.928,14.056
2026-10-04 18:46:28,2026-10-04 18:52:58,RN,79751,28870,46488,4393,-17618,36.2,58.291,-26.219
2026-10-04 18:46:28,2026-10-04 18:52:58,RO,48821,33613,12080,3128,21533,68.849,24.743,39.745
2026-10-04 18:46:28,2026-10-04 18:52:58,RR,20776,14307,5211,1258,9096,68.863,25.082,47.461
2026-10-04 18:46:28,2026-10-04 18:52:58,RS,356206,192577,132166,31463,60411,54.063,37.104,20.406
2026-10-04 18:46:28,2026-10-04 18:52:58,SC,349028,238040,82054,28934,155986,68.201,23.509,38.596
2026-10-04 18:46:28,2026-10-04 18:52:58,SE,53250,15279,34644,3327,-19365,28.693,65.059,-27.86
2026-10-04 18:46:28,2026-10-04 18:52:58,SP,2398677,1238865,918794,241018,320071,51.648,38.304,18.103
2026-10-04 18:46:28,2026-10-04 18:52:58,TO,18480,8386,9043,1051,-657,45.379,48.934,7.19
2026-10-04 18:52:58,2026-10-04 19:14:28,BR,20575863,9682359,9251423,1642081,430936,47.057,44.963,8.237
2026-10-04 18:52:58,2026-10-04 19:14:28,AC,35006,23459,9657,1890,13802,67.014,27.587,36.001
2026-10-04 18:52:58,2026-10-04 19:14:28,AL,295984,118270,163867,13847,-45597,39.958,55.363,-20.889
2026-10-04 18:52:58,2026-10-04 19:14:28,AM,267970,116731,134198,17041,-17467,43.561,50.079,6.397
2026-10-04 18:52:58,2026-10-04 19:14:28,AP,76425,35702,33770,6953,1932,46.715,44.187,-4.869
2026-10-04 18:52:58,2026-10-04 19:14:28,BA,1288858,377152,841471,70235,-464319,29.262,65.288,-34.165
2026-10-04 18:52:58,2026-10-04 19:14:28,CE,1052451,340045,652020,60386,-311975,32.31,61.953,-27.548
2026-10-04 18:52:58,2026-10-04 19:14:28,DF,47452,24475,18057,4920,6418,51.578,38.053,13.084
2026-10-04 18:52:58,2026-10-04 19:14:28,ES,213858,111471,86349,16038,25122,52.124,40.377,18.481
2026-10-04 18:52:58,2026-10-04 19:14:28,GO,675549,350444,217096,108009,133348,51.875,32.136,25.857
2026-10-04 18:52:58,2026-10-04 19:14:28,MA,679404,207003,437391,35010,-230388,30.468,64.379,-28.331
2026-10-04 18:52:58,2026-10-04 19:14:28,MG,2104054,1023941,899099,181014,124842,48.665,42.732,7.505
2026-10-04 18:52:58,2026-10-04 19:14:28,MS,72249,38989,29614,3646,9375,53.965,40.989,25.525
2026-10-04 18:52:58,2026-10-04 19:14:28,MT,260390,168431,78379,13580,90052,64.684,30.101,37.42
2026-10-04 18:52:58,2026-10-04 19:14:28,PA,740318,340845,361462,38011,-20617,46.04,48.825,-2.34
2026-10-04 18:52:58,2026-10-04 19:14:28,PB,276427,88137,174008,14282,-85871,31.884,62.949,-27.282
2026-10-04 18:52:58,2026-10-04 19:14:28,PE,981752,308218,619167,54367,-310949,31.395,63.068,-28.88
2026-10-04 18:52:58,2026-10-04 19:14:28,PI,334903,74541,244607,15755,-170066,22.257,73.038,-43.191
2026-10-04 18:52:58,2026-10-04 19:14:28,PR,494649,294916,158054,41679,136862,59.621,31.953,29.142
2026-10-04 18:52:58,2026-10-04 19:14:28,RJ,2017053,1084196,782463,150394,301733,53.751,38.792,14.167
2026-10-04 18:52:58,2026-10-04 19:14:28,RN,395833,139864,233710,22259,-93846,35.334,59.043,-25.863
2026-10-04 18:52:58,2026-10-04 19:14:28,RO,114388,79940,27983,6465,51957,69.885,24.463,40.022
2026-10-04 18:52:58,2026-10-04 19:14:28,RR,98236,70683,20506,7047,50177,71.952,20.874,47.062
2026-10-04 18:52:58,2026-10-04 19:14:28,RS,960745,520510,356712,83523,163798,54.178,37.129,20.145
2026-10-04 18:52:58,2026-10-04 19:14:28,SC,1170039,799630,273656,96753,525974,68.342,23.389,39.458
2026-10-04 18:52:58,2026-10-04 19:14:28,SE,340472,101821,216201,22450,-114380,29.906,63.5,-28.479
2026-10-04 18:52:58,2026-10-04 19:14:28,SP,5536448,2821180,2161104,554164,660076,50.956,39.034,17.121
2026-10-04 18:52:58,2026-10-04 19:14:28,TO,42493,20292,19984,2217,308,47.754,47.029,6.954
2026-10-04 18:52:58,2026-10-04 19:14:28,ZZ,2457,1473,838,146,635,59.951,34.107,-13.984
2026-10-04 19:14:28,2026-10-04 19:28:08,BR,4550019,2039796,2154634,355589,-114838,44.83,47.354,6.694
2026-10-04 19:14:28,2026-10-04 19:28:08,AC,4405,2873,1207,325,1666,65.221,27.401,36.276
2026-10-04 19:14:28,2026-10-04 19:28:08,AL,46390,16417,27862,2111,-11445,35.389,60.06,-18.414
2026-10-04 19:14:28,2026-10-04 19:28:08,AM,81439,34190,42522,4727,-8332,41.982,52.213,4.213
2026-10-04 19:14:28,2026-10-04 19:28:08,AP,34897,17261,14287,3349,2974,49.463,40.94,-2.953
2026-10-04 19:14:28,2026-10-04 19:28:08,BA,469173,128576,316166,24431,-187590,27.405,67.388,-34.769
2026-10-04 19:14:28,2026-10-04 19:28:08,CE,203913,64897,127567,11449,-62670,31.826,62.56,-28.357
2026-10-04 19:14:28,2026-10-04 19:28:08,DF,4700,2681,1575,444,1106,57.043,33.511,13.096
2026-10-04 19:14:28,2026-10-04 19:28:08,ES,31444,14558,14505,2381,53,46.298,46.13,17.805
2026-10-04 19:14:28,2026-10-04 19:28:08,GO,176970,89632,60413,26925,29219,50.648,34.137,24.479
2026-10-04 19:14:28,2026-10-04 19:28:08,MA,181586,54839,117358,9389,-62519,30.2,64.629,-29.985
2026-10-04 19:14:28,2026-10-04 19:28:08,MG,678645,327807,293525,57313,34282,48.303,43.252,7.063
2026-10-04 19:14:28,2026-10-04 19:28:08,MS,13566,8106,4410,1050,3696,59.752,32.508,24.897
2026-10-04 19:14:28,2026-10-04 19:28:08,MT,42115,27360,12656,2099,14704,64.965,30.051,36.998
2026-10-04 19:14:28,2026-10-04 19:28:08,PA,140563,67721,65847,6995,1874,48.178,46.845,-2.437
2026-10-04 19:14:28,2026-10-04 19:28:08,PB,29797,7785,20765,1247,-12980,26.127,69.688,-27.731
2026-10-04 19:14:28,2026-10-04 19:28:08,PE,304381,97908,189771,16702,-91863,32.166,62.347,-29.812
2026-10-04 19:14:28,2026-10-04 19:28:08,PI,46217,9953,34081,2183,-24128,21.535,73.741,-44.817
2026-10-04 19:14:28,2026-10-04 19:28:08,PR,60473,35438,20688,4347,14750,58.601,34.21,29.027
2026-10-04 19:14:28,2026-10-04 19:28:08,RJ,412305,219299,161736,31270,57563,53.189,39.227,14.509
2026-10-04 19:14:28,2026-10-04 19:28:08,RN,81107,26958,49824,4325,-22866,33.238,61.43,-25.218
2026-10-04 19:14:28,2026-10-04 19:28:08,RO,34972,25320,7542,2110,17778,72.401,21.566,40.721
2026-10-04 19:14:28,2026-10-04 19:28:08,RR,12689,9485,2473,731,7012,74.75,19.489,48.424
2026-10-04 19:14:28,2026-10-04 19:28:08,RS,204437,111718,74566,18153,37152,54.647,36.474,19.62
2026-10-04 19:14:28,2026-10-04 19:28:08,SC,122262,80317,31396,10549,48921,65.693,25.679,41.226
2026-10-04 19:14:28,2026-10-04 19:28:08,SE,48518,14871,30346,3301,-15475,30.65,62.546,-30.103
2026-10-04 19:14:28,2026-10-04 19:28:08,SP,1067167,535121,425436,106610,109685,50.144,39.866,15.444
2026-10-04 19:14:28,2026-10-04 19:28:08,TO,9947,5137,4215,595,922,51.644,42.375,6.655
2026-10-04 19:14:28,2026-10-04 19:28:08,ZZ,5941,3568,1895,478,1673,60.057,31.897,-13.546
2026-10-04 19:28:08,2026-10-04 19:30:36,BR,10834647,4904296,5093669,836682,-189373,45.265,47.013,6.209
2026-10-04 19:28:08,2026-10-04 19:30:36,AC,18025,10982,6011,1032,4971,60.926,33.348,36.291
2026-10-04 19:28:08,2026-10-04 19:30:36,AL,199412,79330,111143,8939,-31813,39.782,55.735,-18.828
2026-10-04 19:28:08,2026-10-04 19:30:36,AP,24347,11327,11033,1987,294,46.523,45.316,-1.74
2026-10-04 19:28:08,2026-10-04 19:30:36,BA,859350,249864,564416,45070,-314552,29.076,65.679,-35.319
2026-10-04 19:28:08,2026-10-04 19:30:36,CE,675268,214146,422921,38201,-208775,31.713,62.63,-28.522
2026-10-04 19:28:08,2026-10-04 19:30:36,DF,7942,4265,2851,826,1414,53.702,35.898,13.124
2026-10-04 19:28:08,2026-10-04 19:30:36,ES,58485,28612,25543,4330,3069,48.922,43.674,17.548
2026-10-04 19:28:08,2026-10-04 19:30:36,GO,250548,128310,84202,38036,44108,51.212,33.607,24.035
2026-10-04 19:28:08,2026-10-04 19:30:36,MA,363768,117380,228476,17912,-111096,32.268,62.808,-30.311
2026-10-04 19:28:08,2026-10-04 19:30:36,MG,1229226,588668,540594,99964,48074,47.889,43.978,6.895
2026-10-04 19:28:08,2026-10-04 19:30:36,MS,17867,7831,9311,725,-1480,43.829,52.113,24.919
2026-10-04 19:28:08,2026-10-04 19:30:36,MT,91212,55202,31132,4878,24070,60.521,34.131,36.949
2026-10-04 19:28:08,2026-10-04 19:30:36,PA,373346,170068,184675,18603,-14607,45.552,49.465,-2.287
2026-10-04 19:28:08,2026-10-04 19:30:36,PB,85369,27252,53723,4394,-26471,31.923,62.93,-27.931
2026-10-04 19:28:08,2026-10-04 19:30:36,PE,640042,192518,413369,34155,-220851,30.079,64.585,-29.847
2026-10-04 19:28:08,2026-10-04 19:30:36,PI,153121,34781,111543,6797,-76762,22.715,72.846,-45.029
2026-10-04 19:28:08,2026-10-04 19:30:36,PR,83255,46899,30293,6063,16606,56.332,36.386,28.984
2026-10-04 19:28:08,2026-10-04 19:30:36,RJ,1213883,644094,478447,91342,165647,53.061,39.415,14.465
2026-10-04 19:28:08,2026-10-04 19:30:36,RN,230788,83009,134885,12894,-51876,35.968,58.445,-25.39
2026-10-04 19:28:08,2026-10-04 19:30:36,RO,21939,15683,4901,1355,10782,71.485,22.339,41.106
2026-10-04 19:28:08,2026-10-04 19:30:36,RR,16696,12428,3192,1076,9236,74.437,19.118,48.71
2026-10-04 19:28:08,2026-10-04 19:30:36,RS,356315,203109,123100,30106,80009,57.003,34.548,19.569
2026-10-04 19:28:08,2026-10-04 19:30:36,SC,369380,251726,89231,28423,162495,68.148,24.157,41.187
2026-10-04 19:28:08,2026-10-04 19:30:36,SE,108181,30419,70726,7036,-40307,28.119,65.377,-30.181
2026-10-04 19:28:08,2026-10-04 19:30:36,SP,3358361,1681555,1346175,330631,335380,50.071,40.084,15.141
2026-10-04 19:28:08,2026-10-04 19:30:36,TO,17271,9254,6941,1076,2313,53.581,40.189,6.684
2026-10-04 19:28:08,2026-10-04 19:30:36,ZZ,11250,5584,4835,831,749,49.636,42.978,-12.466
2026-10-04 19:30:36,2026-10-04 19:34:06,BR,1317941,520411,718764,78766,-198353,39.487,54.537,5.323
2026-10-04 19:30:36,2026-10-04 19:34:06,AL,70754,26246,41511,2997,-15265,37.095,58.669,-18.192
2026-10-04 19:30:36,2026-10-04 19:34:06,AM,180919,70404,100865,9650,-30461,38.915,55.751,3.507
2026-10-04 19:30:36,2026-10-04 19:34:06,AP,18875,9032,8137,1706,895,47.852,43.11,-1.537
2026-10-04 19:30:36,2026-10-04 19:34:06,CE,227991,70860,144759,12372,-73899,31.08,63.493,-28.971
2026-10-04 19:30:36,2026-10-04 19:34:06,DF,1496,1010,358,128,652,67.513,23.93,13.145
2026-10-04 19:30:36,2026-10-04 19:34:06,GO,60283,29646,21078,9559,8568,49.178,34.965,23.564
2026-10-04 19:30:36,2026-10-04 19:34:06,MA,131914,41995,83366,6553,-41371,31.835,63.197,-30.34
2026-10-04 19:30:36,2026-10-04 19:34:06,MS,6071,1560,4362,149,-2802,25.696,71.85,24.517
2026-10-04 19:30:36,2026-10-04 19:34:06,MT,27201,18015,7828,1358,10187,66.229,28.778,36.437
2026-10-04 19:30:36,2026-10-04 19:34:06,PA,114306,52833,56120,5353,-3287,46.221,49.096,-2.442
2026-10-04 19:30:36,2026-10-04 19:34:06,PB,11721,3732,7429,560,-3697,31.84,63.382,-28.039
2026-10-04 19:30:36,2026-10-04 19:34:06,PE,227421,70746,144129,12546,-73383,31.108,63.375,-30.614
2026-10-04 19:30:36,2026-10-04 19:34:06,PI,44833,9482,33495,1856,-24013,21.15,74.711,-45.472
2026-10-04 19:30:36,2026-10-04 19:34:06,PR,17554,9316,7185,1053,2131,53.071,40.931,28.868
2026-10-04 19:30:36,2026-10-04 19:34:06,RO,8233,6027,1798,408,4229,73.205,21.839,41.294
2026-10-04 19:30:36,2026-10-04 19:34:06,RR,227,175,38,14,137,77.093,16.74,49.056
2026-10-04 19:30:36,2026-10-04 19:34:06,RS,48562,29530,15175,3857,14355,60.809,31.249,19.735
2026-10-04 19:30:36,2026-10-04 19:34:06,SC,87028,59552,20710,6766,38842,68.429,23.797,41.438
2026-10-04 19:30:36,2026-10-04 19:34:06,SE,26569,7035,17993,1541,-10958,26.478,67.722,-30.804
2026-10-04 19:30:36,2026-10-04 19:34:06,TO,5983,3215,2428,340,787,53.736,40.582,6.811
2026-10-04 19:34:06,2026-10-04 19:37:36,BR,747272,317563,380379,49330,-62816,42.496,50.902,5.05
2026-10-04 19:34:06,2026-10-04 19:37:36,BA,287522,88007,184122,15393,-96115,30.609,64.038,-35.527
2026-10-04 19:34:06,2026-10-04 19:37:36,ES,13893,7285,5529,1079,1756,52.436,39.797,17.224
2026-10-04 19:34:06,2026-10-04 19:37:36,PR,209,42,162,5,-120,20.096,77.512,28.823
2026-10-04 19:34:06,2026-10-04 19:37:36,RJ,370275,195748,146172,28355,49576,52.866,39.477,14.307
2026-10-04 19:34:06,2026-10-04 19:37:36,RN,75373,26481,44394,4498,-17913,35.133,58.899,-24.978
2026-10-04 19:37:36,2026-10-04 19:41:46,BR,1091210,538758,450154,102298,88604,49.373,41.253,4.949
2026-10-04 19:37:36,2026-10-04 19:41:46,MG,336418,162878,146809,26731,16069,48.415,43.639,6.504
2026-10-04 19:37:36,2026-10-04 19:41:46,SP,754792,375880,303345,75567,72535,49.799,40.189,14.339
2026-10-04 19:41:46,2026-10-04 20:03:50,BR,38828,14517,21404,2907,-6887,37.388,55.125,4.984
2026-10-04 19:41:46,2026-10-04 20:03:50,AM,680,197,439,44,-242,28.971,64.559,1.515
2026-10-04 19:41:46,2026-10-04 20:03:50,BA,7929,2118,5522,289,-3404,26.712,69.643,-35.419
2026-10-04 19:41:46,2026-10-04 20:03:50,CE,3859,1221,2486,152,-1265,31.64,64.421,-29.176
2026-10-04 19:41:46,2026-10-04 20:03:50,GO,3478,1888,993,597,895,54.284,28.551,23.403
2026-10-04 19:41:46,2026-10-04 20:03:50,MA,517,180,292,45,-112,34.816,56.48,-30.386
2026-10-04 19:41:46,2026-10-04 20:03:50,PE,7365,2298,4610,457,-2312,31.202,62.593,-30.705
2026-10-04 19:41:46,2026-10-04 20:03:50,PI,1774,359,1358,57,-999,20.237,76.55,-45.673
2026-10-04 19:41:46,2026-10-04 20:03:50,PR,273,137,102,34,35,50.183,37.363,28.82
2026-10-04 19:41:46,2026-10-04 20:03:50,RJ,3024,1964,861,199,1103,64.947,28.472,14.256
2026-10-04 19:41:46,2026-10-04 20:03:50,RS,261,82,165,14,-83,31.418,63.218,19.811
2026-10-04 19:41:46,2026-10-04 20:03:50,SP,9668,4073,4576,1019,-503,42.129,47.331,14.18
2026-10-04 20:03:50,2026-10-04 20:06:52,BR,572012,253175,272086,46751,-18911,44.26,47.566,4.975
2026-10-04 20:03:50,2026-10-04 20:06:52,AL,24868,12199,11237,1432,962,49.055,45.187,-18.438
2026-10-04 20:03:50,2026-10-04 20:06:52,AM,21447,7434,13153,860,-5719,34.662,61.328,1.501
2026-10-04 20:03:50,2026-10-04 20:06:52,BA,77062,23285,49046,4731,-25761,30.216,63.645,-35.43
2026-10-04 20:03:50,2026-10-04 20:06:52,CE,46585,14531,29660,2394,-15129,31.192,63.669,-29.179
2026-10-04 20:03:50,2026-10-04 20:06:52,GO,28424,13987,9649,4788,4338,49.208,33.947,23.405
2026-10-04 20:03:50,2026-10-04 20:06:52,MA,3247,809,2281,157,-1472,24.915,70.249,-30.384
2026-10-04 20:03:50,2026-10-04 20:06:52,MS,2912,1529,1256,127,273,52.507,43.132,24.227
2026-10-04 20:03:50,2026-10-04 20:06:52,MT,3467,2257,1028,182,1229,65.1,29.651,36.451
2026-10-04 20:03:50,2026-10-04 20:06:52,PA,33953,16484,15495,1974,989,48.549,45.637,-2.455
2026-10-04 20:03:50,2026-10-04 20:06:52,PE,62559,19523,39326,3710,-19803,31.207,62.862,-30.706
2026-10-04 20:03:50,2026-10-04 20:06:52,PI,1846,522,1234,90,-712,28.277,66.847,-45.683
2026-10-04 20:03:50,2026-10-04 20:06:52,RJ,68710,33585,29413,5712,4172,48.879,42.807,14.266
2026-10-04 20:03:50,2026-10-04 20:06:52,RN,9680,3212,6042,426,-2830,33.182,62.417,-24.925
2026-10-04 20:03:50,2026-10-04 20:06:52,RR,256,23,233,0,-210,8.984,91.016,49.064
2026-10-04 20:03:50,2026-10-04 20:06:52,RS,15147,9715,4226,1206,5489,64.138,27.9,19.808
2026-10-04 20:03:50,2026-10-04 20:06:52,SC,52468,35636,12936,3896,22700,67.919,24.655,41.503
2026-10-04 20:03:50,2026-10-04 20:06:52,SE,2895,546,2195,154,-1649,18.86,75.82,-31.025
2026-10-04 20:03:50,2026-10-04 20:06:52,SP,116225,57779,43552,14894,14227,49.713,37.472,14.171
2026-10-04 20:03:50,2026-10-04 20:06:52,TO,261,119,124,18,-5,45.594,47.51,6.852
2026-10-04 20:06:52,2026-10-04 20:07:27,BR,50693,18245,29418,3030,-11173,35.991,58.032,4.928
2026-10-04 20:06:52,2026-10-04 20:07:27,PE,50693,18245,29418,3030,-11173,35.991,58.032,-30.72
2026-10-04 20:07:27,2026-10-04 20:10:57,BR,2076272,877834,1050778,147660,-172944,42.279,50.609,4.914
2026-10-04 20:07:27,2026-10-04 20:10:57,AC,2751,1824,717,210,1107,66.303,26.063,35.949
2026-10-04 20:07:27,2026-10-04 20:10:57,AL,25558,8919,15591,1048,-6672,34.897,61.002,-17.882
2026-10-04 20:07:27,2026-10-04 20:10:57,AM,23851,7099,15465,1287,-8366,29.764,64.84,1.178
2026-10-04 20:07:27,2026-10-04 20:10:57,AP,16337,7900,7001,1436,899,48.356,42.854,-1.22
2026-10-04 20:07:27,2026-10-04 20:10:57,BA,231233,72680,145636,12917,-72956,31.431,62.982,-35.403
2026-10-04 20:07:27,2026-10-04 20:10:57,CE,125737,38056,81303,6378,-43247,30.266,64.661,-29.219
2026-10-04 20:07:27,2026-10-04 20:10:57,DF,9400,5074,3356,970,1718,53.979,35.702,13.171
2026-10-04 20:07:27,2026-10-04 20:10:57,ES,1230,366,811,53,-445,29.756,65.935,17.195
2026-10-04 20:07:27,2026-10-04 20:10:57,GO,48793,24216,17058,7519,7158,49.63,34.96,23.339
2026-10-04 20:07:27,2026-10-04 20:10:57,MA,180549,56251,114664,9634,-58413,31.156,63.509,-30.401
2026-10-04 20:07:27,2026-10-04 20:10:57,MG,219298,106277,95333,17688,10944,48.462,43.472,6.445
2026-10-04 20:07:27,2026-10-04 20:10:57,MT,27062,16836,8984,1242,7852,62.213,33.198,36.449
2026-10-04 20:07:27,2026-10-04 20:10:57,PA,138479,57390,74830,6259,-17440,41.443,54.037,-2.41
2026-10-04 20:07:27,2026-10-04 20:10:57,PB,17925,6191,10774,960,-4583,34.538,60.106,-28.056
2026-10-04 20:07:27,2026-10-04 20:10:57,PE,146649,45033,93480,8136,-48447,30.708,63.744,-30.617
2026-10-04 20:07:27,2026-10-04 20:10:57,PI,44207,11287,30576,2344,-19289,25.532,69.166,-45.676
2026-10-04 20:07:27,2026-10-04 20:10:57,PR,1303,532,726,45,-194,40.829,55.718,28.82
2026-10-04 20:07:27,2026-10-04 20:10:57,RJ,345130,184241,132785,28104,51456,53.383,38.474,14.182
2026-10-04 20:07:27,2026-10-04 20:10:57,RN,49448,16471,30145,2832,-13674,33.31,60.963,-24.949
2026-10-04 20:07:27,2026-10-04 20:10:57,RO,8132,5886,1696,550,4190,72.381,20.856,41.381
2026-10-04 20:07:27,2026-10-04 20:10:57,RR,2660,1739,832,89,907,65.376,31.278,48.959
2026-10-04 20:07:27,2026-10-04 20:10:57,RS,32372,17195,12360,2817,4835,53.117,38.181,19.848
2026-10-04 20:07:27,2026-10-04 20:10:57,SC,39230,26822,9552,2856,17270,68.371,24.349,41.525
2026-10-04 20:07:27,2026-10-04 20:10:57,SE,21797,5019,15572,1206,-10553,23.026,71.441,-31.085
2026-10-04 20:07:27,2026-10-04 20:10:57,SP,301450,143951,127508,29991,16443,47.753,42.298,14.161
2026-10-04 20:07:27,2026-10-04 20:10:57,TO,3424,2198,1028,198,1170,64.194,30.023,6.85
2026-10-04 20:07:27,2026-10-04 20:10:57,ZZ,12267,8381,2995,891,5386,68.322,24.415,-11.572
2026-10-04 20:10:57,2026-10-04 20:14:27,BR,2477569,1017732,1287178,172659,-269446,41.078,51.953,4.648
2026-10-04 20:10:57,2026-10-04 20:14:27,AC,2434,1198,1145,91,53,49.219,47.042,35.974
2026-10-04 20:10:57,2026-10-04 20:14:27,AL,132794,54270,72060,6464,-17790,40.868,54.264,-18.087
2026-10-04 20:10:57,2026-10-04 20:14:27,AM,54310,18219,33440,2651,-15221,33.546,61.572,0.721
2026-10-04 20:10:57,2026-10-04 20:14:27,AP,11047,5331,4873,843,458,48.257,44.112,-0.938
2026-10-04 20:10:57,2026-10-04 20:14:27,BA,272113,73608,184806,13699,-111198,27.051,67.915,-35.252
2026-10-04 20:10:57,2026-10-04 20:14:27,CE,271946,84892,172197,14857,-87305,31.216,63.32,-29.381
2026-10-04 20:10:57,2026-10-04 20:14:27,DF,590,312,226,52,86,52.881,38.305,13.198
2026-10-04 20:10:57,2026-10-04 20:14:27,ES,4677,2108,2288,281,-180,45.072,48.92,17.166
2026-10-04 20:10:57,2026-10-04 20:14:27,GO,84604,43803,27831,12970,15972,51.774,32.896,23.221
2026-10-04 20:10:57,2026-10-04 20:14:27,MA,60091,14195,43514,2382,-29319,23.623,72.414,-30.512
2026-10-04 20:10:57,2026-10-04 20:14:27,MG,320668,152619,142558,25491,10061,47.594,44.457,6.412
2026-10-04 20:10:57,2026-10-04 20:14:27,MS,4689,1381,3205,103,-1824,29.452,68.351,24.198
2026-10-04 20:10:57,2026-10-04 20:14:27,MT,5690,3674,1733,283,1941,64.569,30.457,36.345
2026-10-04 20:10:57,2026-10-04 20:14:27,PA,25773,9912,14772,1089,-4860,38.459,57.316,-2.746
2026-10-04 20:10:57,2026-10-04 20:14:27,PB,9818,2489,6955,374,-4466,25.351,70.839,-28.038
2026-10-04 20:10:57,2026-10-04 20:14:27,PE,257069,73731,170300,13038,-96569,28.681,66.247,-30.698
2026-10-04 20:10:57,2026-10-04 20:14:27,PI,39462,6919,31238,1305,-24319,17.533,79.16,-45.628
2026-10-04 20:10:57,2026-10-04 20:14:27,PR,33007,18733,11849,2425,6884,56.755,35.898,28.811
2026-10-04 20:10:57,2026-10-04 20:14:27,RJ,336887,174538,136322,26027,38216,51.809,40.465,14.218
2026-10-04 20:10:57,2026-10-04 20:14:27,RN,70166,24925,41245,3996,-16320,35.523,58.782,-25.025
2026-10-04 20:10:57,2026-10-04 20:14:27,RO,8083,5859,1810,414,4049,72.485,22.393,41.468
2026-10-04 20:10:57,2026-10-04 20:14:27,RR,280,136,126,18,10,48.571,45.0,48.836
2026-10-04 20:10:57,2026-10-04 20:14:27,RS,34400,21162,10868,2370,10294,61.517,31.593,19.823
2026-10-04 20:10:57,2026-10-04 20:14:27,SC,42136,28998,9988,3150,19010,68.82,23.704,41.548
2026-10-04 20:10:57,2026-10-04 20:14:27,SE,9414,2501,6366,547,-3865,26.567,67.623,-31.38
2026-10-04 20:10:57,2026-10-04 20:14:27,SP,385189,192120,155351,37718,36769,49.877,40.331,14.046
2026-10-04 20:10:57,2026-10-04 20:14:27,TO,232,99,112,21,-13,42.672,48.276,6.951
2026-10-04 20:14:27,2026-10-04 20:17:56,BR,1132214,450558,606792,74864,-156234,39.794,53.593,4.284
2026-10-04 20:14:27,2026-10-04 20:17:56,AC,186,134,49,3,85,72.043,26.344,35.797
2026-10-04 20:14:27,2026-10-04 20:17:56,AL,50315,20686,26980,2649,-6294,41.113,53.622,-17.548
2026-10-04 20:14:27,2026-10-04 20:17:56,AM,11242,4525,6168,549,-1643,40.251,54.866,-0.08
2026-10-04 20:14:27,2026-10-04 20:17:56,AP,10440,5024,4428,988,596,48.123,42.414,-0.798
2026-10-04 20:14:27,2026-10-04 20:17:56,BA,231820,61125,159812,10883,-98687,26.367,68.938,-35.499
2026-10-04 20:14:27,2026-10-04 20:17:56,CE,95105,29446,60581,5078,-31135,30.962,63.699,-29.554
2026-10-04 20:14:27,2026-10-04 20:17:56,ES,1574,355,1154,65,-799,22.554,73.316,17.122
2026-10-04 20:14:27,2026-10-04 20:17:56,GO,14932,7334,5205,2393,2129,49.116,34.858,23.12
2026-10-04 20:14:27,2026-10-04 20:17:56,MA,56125,16416,36654,3055,-20238,29.249,65.308,-30.854
2026-10-04 20:14:27,2026-10-04 20:17:56,MG,188957,90105,84128,14724,5977,47.685,44.522,6.31
2026-10-04 20:14:27,2026-10-04 20:17:56,MS,280,43,230,7,-187,15.357,82.143,24.0
2026-10-04 20:14:27,2026-10-04 20:17:56,MT,6815,3882,2605,328,1277,56.963,38.225,36.339
2026-10-04 20:14:27,2026-10-04 20:17:56,PA,28840,13394,14151,1295,-757,46.442,49.067,-2.844
2026-10-04 20:14:27,2026-10-04 20:17:56,PB,6907,1864,4743,300,-2879,26.987,68.669,-28.107
2026-10-04 20:14:27,2026-10-04 20:17:56,PE,80463,24762,51383,4318,-26621,30.774,63.859,-31.078
2026-10-04 20:14:27,2026-10-04 20:17:56,PI,23728,5738,16851,1139,-11113,24.182,71.017,-45.961
2026-10-04 20:14:27,2026-10-04 20:17:56,PR,2660,1320,1181,159,139,49.624,44.398,28.771
2026-10-04 20:14:27,2026-10-04 20:17:56,RJ,115808,60772,45914,9122,14858,52.477,39.647,14.087
2026-10-04 20:14:27,2026-10-04 20:17:56,RN,34087,11667,20777,1643,-9110,34.227,60.953,-24.958
2026-10-04 20:14:27,2026-10-04 20:17:56,RR,674,151,521,2,-370,22.404,77.3,48.797
2026-10-04 20:14:27,2026-10-04 20:17:56,RS,9598,6223,2795,580,3428,64.836,29.121,19.878
2026-10-04 20:14:27,2026-10-04 20:17:56,SC,28691,20150,6494,2047,13656,70.231,22.634,41.582
2026-10-04 20:14:27,2026-10-04 20:17:56,SE,12139,2998,8610,531,-5612,24.697,70.928,-31.45
2026-10-04 20:14:27,2026-10-04 20:17:56,SP,120592,62399,45193,13000,17206,51.744,37.476,13.971
2026-10-04 20:14:27,2026-10-04 20:17:56,TO,236,45,185,6,-140,19.068,78.39,6.948
2026-10-04 20:17:56,2026-10-04 20:21:17,BR,581298,250641,287724,42933,-37083,43.117,49.497,4.092
2026-10-04 20:17:56,2026-10-04 20:21:17,AC,915,627,239,49,388,68.525,26.12,35.801
2026-10-04 20:17:56,2026-10-04 20:21:17,AL,18582,6455,11222,905,-4767,34.738,60.392,-17.338
2026-10-04 20:17:56,2026-10-04 20:21:17,AM,5655,2272,3099,284,-827,40.177,54.801,-0.164
2026-10-04 20:17:56,2026-10-04 20:21:17,AP,6352,2916,2789,647,127,45.907,43.907,-0.632
2026-10-04 20:17:56,2026-10-04 20:21:17,BA,54274,14485,37107,2682,-22622,26.689,68.37,-35.755
2026-10-04 20:17:56,2026-10-04 20:21:17,CE,34547,9916,22958,1673,-13042,28.703,66.454,-29.623
2026-10-04 20:17:56,2026-10-04 20:21:17,ES,846,190,622,34,-432,22.459,73.522,17.074
2026-10-04 20:17:56,2026-10-04 20:21:17,GO,10823,5098,3846,1879,1252,47.103,35.535,23.084
2026-10-04 20:17:56,2026-10-04 20:21:17,MA,38335,11088,25460,1787,-14372,28.924,66.415,-30.943
2026-10-04 20:17:56,2026-10-04 20:21:17,MG,48143,23070,21385,3688,1685,47.92,44.42,6.253
2026-10-04 20:17:56,2026-10-04 20:21:17,MT,3558,2222,1181,155,1041,62.451,33.193,36.277
2026-10-04 20:17:56,2026-10-04 20:21:17,PA,27188,11306,14669,1213,-3363,41.585,53.954,-2.843
2026-10-04 20:17:56,2026-10-04 20:21:17,PB,496,107,362,27,-255,21.573,72.984,-28.144
2026-10-04 20:17:56,2026-10-04 20:21:17,PE,31495,9093,20855,1547,-11762,28.871,66.217,-31.112
2026-10-04 20:17:56,2026-10-04 20:21:17,PI,4761,931,3639,191,-2708,19.555,76.434,-45.972
2026-10-04 20:17:56,2026-10-04 20:21:17,RJ,81948,43813,31727,6408,12086,53.464,38.716,14.068
2026-10-04 20:17:56,2026-10-04 20:21:17,RN,9770,2862,6444,464,-3582,29.294,65.957,-24.99
2026-10-04 20:17:56,2026-10-04 20:21:17,RO,1140,799,260,81,539,70.088,22.807,41.54
2026-10-04 20:17:56,2026-10-04 20:21:17,RS,3534,2234,1050,250,1184,63.214,29.711,19.901
2026-10-04 20:17:56,2026-10-04 20:21:17,SC,21705,14543,5623,1539,8920,67.003,25.906,41.622
2026-10-04 20:17:56,2026-10-04 20:21:17,SE,2539,676,1743,120,-1067,26.625,68.649,-31.588
2026-10-04 20:17:56,2026-10-04 20:21:17,SP,174165,85686,71199,17280,14487,49.198,40.88,13.973
2026-10-04 20:17:56,2026-10-04 20:21:17,ZZ,527,252,245,30,7,47.818,46.49,-8.882
2026-10-04 20:21:17,2026-10-04 20:23:11,BR,179963,67536,102081,10346,-34545,37.528,56.723,4.036
2026-10-04 20:21:17,2026-10-04 20:23:11,AC,265,165,87,13,78,62.264,32.83,35.814
2026-10-04 20:21:17,2026-10-04 20:23:11,AL,27315,12355,13346,1614,-991,45.232,48.86,-17.464
2026-10-04 20:21:17,2026-10-04 20:23:11,AM,791,257,507,27,-250,32.491,64.096,-0.205
2026-10-04 20:21:17,2026-10-04 20:23:11,BA,38856,10088,26944,1824,-16856,25.963,69.343,-35.805
2026-10-04 20:21:17,2026-10-04 20:23:11,CE,9873,3261,6109,503,-2848,33.029,61.876,-29.687
2026-10-04 20:21:17,2026-10-04 20:23:11,GO,2234,1009,963,262,46,45.166,43.107,23.05
2026-10-04 20:21:17,2026-10-04 20:23:11,MA,13388,4673,7846,869,-3173,34.904,58.605,-31.019
2026-10-04 20:21:17,2026-10-04 20:23:11,MT,2124,1497,526,101,971,70.48,24.765,36.265
2026-10-04 20:21:17,2026-10-04 20:23:11,PA,9128,3234,5542,352,-2308,35.429,60.714,-2.903
2026-10-04 20:21:17,2026-10-04 20:23:11,PB,813,187,591,35,-404,23.001,72.694,-28.149
2026-10-04 20:21:17,2026-10-04 20:23:11,PE,26504,7370,17805,1329,-10435,27.807,67.179,-31.154
2026-10-04 20:21:17,2026-10-04 20:23:11,PI,3669,790,2774,105,-1984,21.532,75.606,-45.999
2026-10-04 20:21:17,2026-10-04 20:23:11,RJ,26258,13972,10214,2072,3758,53.21,38.899,14.075
2026-10-04 20:21:17,2026-10-04 20:23:11,RN,10102,3751,5824,527,-2073,37.131,57.652,-25.05
2026-10-04 20:21:17,2026-10-04 20:23:11,RS,1387,839,418,130,421,60.49,30.137,19.909
2026-10-04 20:21:17,2026-10-04 20:23:11,SC,3227,2336,676,215,1660,72.389,20.948,41.619
2026-10-04 20:21:17,2026-10-04 20:23:11,SE,1455,278,1107,70,-829,19.107,76.082,-31.608
2026-10-04 20:21:17,2026-10-04 20:23:11,ZZ,2574,1474,802,298,672,57.265,31.158,-8.861
2026-10-04 20:23:11,2026-10-04 20:26:41,BR,464363,189193,242780,32390,-53587,40.742,52.282,3.997
2026-10-04 20:23:11,2026-10-04 20:26:41,AC,234,148,73,13,75,63.248,31.197,35.81
2026-10-04 20:23:11,2026-10-04 20:26:41,AL,25193,11722,12006,1465,-284,46.529,47.656,-17.162
2026-10-04 20:23:11,2026-10-04 20:26:41,AM,8958,3347,5272,339,-1925,37.363,58.852,-0.218
2026-10-04 20:23:11,2026-10-04 20:26:41,AP,3158,1549,1288,321,261,49.05,40.785,-0.592
2026-10-04 20:23:11,2026-10-04 20:26:41,BA,54252,15669,35738,2845,-20069,28.882,65.874,-35.85
2026-10-04 20:23:11,2026-10-04 20:26:41,CE,48878,15093,31214,2571,-16121,30.879,63.861,-29.685
2026-10-04 20:23:11,2026-10-04 20:26:41,ES,511,136,360,15,-224,26.614,70.45,17.049
2026-10-04 20:23:11,2026-10-04 20:26:41,GO,11715,5576,4071,2068,1505,47.597,34.75,23.037
2026-10-04 20:23:11,2026-10-04 20:26:41,MA,32231,8881,21914,1436,-13033,27.554,67.99,-30.99
2026-10-04 20:23:11,2026-10-04 20:26:41,MG,28915,13767,12940,2208,827,47.612,44.752,6.241
2026-10-04 20:23:11,2026-10-04 20:26:41,MT,2477,1446,905,126,541,58.377,36.536,36.275
2026-10-04 20:23:11,2026-10-04 20:26:41,PA,15698,6251,8715,732,-2464,39.82,55.517,-2.951
2026-10-04 20:23:11,2026-10-04 20:26:41,PE,44019,12682,29075,2262,-16393,28.81,66.051,-31.199
2026-10-04 20:23:11,2026-10-04 20:26:41,PI,9987,2305,7207,475,-4902,23.08,72.164,-46.014
2026-10-04 20:23:11,2026-10-04 20:26:41,RJ,72814,40288,26910,5616,13378,55.33,36.957,14.076
2026-10-04 20:23:11,2026-10-04 20:26:41,RN,9459,3634,5274,551,-1640,38.418,55.756,-25.026
2026-10-04 20:23:11,2026-10-04 20:26:41,RO,1523,1096,315,112,781,71.963,20.683,41.547
2026-10-04 20:23:11,2026-10-04 20:26:41,RR,554,196,347,11,-151,35.379,62.635,48.581
2026-10-04 20:23:11,2026-10-04 20:26:41,RS,3800,2366,1072,362,1294,62.263,28.211,19.911
2026-10-04 20:23:11,2026-10-04 20:26:41,SC,6704,4473,1776,455,2697,66.721,26.492,41.626
2026-10-04 20:23:11,2026-10-04 20:26:41,SE,2161,553,1469,139,-916,25.59,67.978,-31.637
2026-10-04 20:23:11,2026-10-04 20:26:41,SP,74706,35988,31074,7644,4914,48.173,41.595,13.931
2026-10-04 20:23:11,2026-10-04 20:26:41,TO,968,299,618,51,-319,30.888,63.843,6.931
2026-10-04 20:23:11,2026-10-04 20:26:41,ZZ,5448,1728,3147,573,-1419,31.718,57.764,-8.509
2026-10-04 20:26:41,2026-10-04 20:30:11,BR,484842,200190,249906,34746,-49716,41.29,51.544,3.93
2026-10-04 20:26:41,2026-10-04 20:30:11,AL,13116,5639,6815,662,-1176,42.993,51.959,-16.846
2026-10-04 20:26:41,2026-10-04 20:30:11,AM,10164,3796,5941,427,-2145,37.348,58.451,-0.315
2026-10-04 20:26:41,2026-10-04 20:30:11,AP,984,499,398,87,101,50.711,40.447,-0.526
2026-10-04 20:26:41,2026-10-04 20:30:11,BA,42419,10710,29676,2033,-18966,25.248,69.959,-35.859
2026-10-04 20:26:41,2026-10-04 20:30:11,CE,62868,19588,40127,3153,-20539,31.157,63.827,-29.721
2026-10-04 20:26:41,2026-10-04 20:30:11,ES,134,29,100,5,-71,21.642,74.627,17.035
2026-10-04 20:26:41,2026-10-04 20:30:11,GO,11670,6103,3724,1843,2379,52.296,31.911,23.005
2026-10-04 20:26:41,2026-10-04 20:30:11,MA,28681,7890,19509,1282,-11619,27.51,68.021,-31.081
2026-10-04 20:26:41,2026-10-04 20:30:11,MG,70636,32621,32078,5937,543,46.182,45.413,6.231
2026-10-04 20:26:41,2026-10-04 20:30:11,MT,1769,1092,584,93,508,61.73,33.013,36.257
2026-10-04 20:26:41,2026-10-04 20:30:11,PA,27969,11434,15257,1278,-3823,40.881,54.55,-2.997
2026-10-04 20:26:41,2026-10-04 20:30:11,PB,856,316,484,56,-168,36.916,56.542,-28.156
2026-10-04 20:26:41,2026-10-04 20:30:11,PE,29940,9824,18373,1743,-8549,32.812,61.366,-31.254
2026-10-04 20:26:41,2026-10-04 20:30:11,PI,9794,2447,6831,516,-4384,24.985,69.747,-46.03
2026-10-04 20:26:41,2026-10-04 20:30:11,PR,206,130,57,19,73,63.107,27.67,28.761
2026-10-04 20:26:41,2026-10-04 20:30:11,RJ,55039,29001,21820,4218,7181,52.692,39.645,14.117
2026-10-04 20:26:41,2026-10-04 20:30:11,RN,2403,736,1541,126,-805,30.628,64.128,-24.988
2026-10-04 20:26:41,2026-10-04 20:30:11,RS,2988,2122,636,230,1486,71.017,21.285,19.92
2026-10-04 20:26:41,2026-10-04 20:30:11,SC,8655,5984,2049,622,3935,69.139,23.674,41.624
2026-10-04 20:26:41,2026-10-04 20:30:11,SE,494,127,340,27,-213,25.709,68.826,-31.655
2026-10-04 20:26:41,2026-10-04 20:30:11,SP,101683,49052,42453,10178,6599,48.24,41.75,13.907
2026-10-04 20:26:41,2026-10-04 20:30:11,TO,494,289,166,39,123,58.502,33.603,6.889
2026-10-04 20:26:41,2026-10-04 20:30:11,ZZ,1880,761,947,172,-186,40.479,50.372,-8.875
2026-10-04 20:30:11,2026-10-04 20:33:41,BR,341856,138285,179539,24032,-41254,40.451,52.519,3.867
2026-10-04 20:30:11,2026-10-04 20:33:41,AL,22890,10649,10983,1258,-334,46.522,47.982,-16.766
2026-10-04 20:30:11,2026-10-04 20:33:41,AM,1151,474,605,72,-131,41.182,52.563,-0.421
2026-10-04 20:30:11,2026-10-04 20:33:41,AP,1232,646,474,112,172,52.435,38.474,-0.501
2026-10-04 20:30:11,2026-10-04 20:33:41,BA,31247,9337,20320,1590,-10983,29.881,65.03,-35.916
2026-10-04 20:30:11,2026-10-04 20:33:41,CE,42728,12591,28027,2110,-15436,29.468,65.594,-29.762
2026-10-04 20:30:11,2026-10-04 20:33:41,ES,734,213,485,36,-272,29.019,66.076,17.031
2026-10-04 20:30:11,2026-10-04 20:33:41,GO,5722,2913,1892,917,1021,50.909,33.065,22.997
2026-10-04 20:30:11,2026-10-04 20:33:41,MA,16751,4116,11889,746,-7773,24.572,70.975,-31.161
2026-10-04 20:30:11,2026-10-04 20:33:41,MG,25214,11743,11349,2122,394,46.573,45.011,6.195
2026-10-04 20:30:11,2026-10-04 20:33:41,MT,2880,1678,1073,129,605,58.264,37.257,36.25
2026-10-04 20:30:11,2026-10-04 20:33:41,PA,20582,8579,11118,885,-2539,41.682,54.018,-3.066
2026-10-04 20:30:11,2026-10-04 20:33:41,PB,1115,435,625,55,-190,39.013,56.054,-28.153
2026-10-04 20:30:11,2026-10-04 20:33:41,PE,33373,9839,21720,1814,-11881,29.482,65.083,-31.238
2026-10-04 20:30:11,2026-10-04 20:33:41,PI,7269,1361,5642,266,-4281,18.723,77.617,-46.023
2026-10-04 20:30:11,2026-10-04 20:33:41,PR,598,203,364,31,-161,33.946,60.87,28.761
2026-10-04 20:30:11,2026-10-04 20:33:41,RJ,52775,28179,20351,4245,7828,53.395,38.562,14.109
2026-10-04 20:30:11,2026-10-04 20:33:41,RN,8411,3040,4921,450,-1881,36.143,58.507,-24.999
2026-10-04 20:30:11,2026-10-04 20:33:41,RS,372,195,158,19,37,52.419,42.473,19.934
2026-10-04 20:30:11,2026-10-04 20:33:41,SC,2216,1466,581,169,885,66.155,26.218,41.632
2026-10-04 20:30:11,2026-10-04 20:33:41,SE,1840,370,1395,75,-1025,20.109,75.815,-31.659
2026-10-04 20:30:11,2026-10-04 20:33:41,SP,60407,29054,24598,6755,4456,48.097,40.72,13.875
2026-10-04 20:30:11,2026-10-04 20:33:41,TO,900,569,269,62,300,63.222,29.889,6.899
2026-10-04 20:30:11,2026-10-04 20:33:41,ZZ,1449,635,700,114,-65,43.823,48.309,-8.882
2026-10-04 20:33:41,2026-10-04 20:37:02,BR,397853,159705,210063,28085,-50358,40.142,52.799,3.816
2026-10-04 20:33:41,2026-10-04 20:37:02,AC,761,476,215,70,261,62.549,28.252,35.808
2026-10-04 20:33:41,2026-10-04 20:37:02,AL,8905,4062,4400,443,-338,45.615,49.41,-16.499
2026-10-04 20:33:41,2026-10-04 20:37:02,AM,12810,4204,8083,523,-3879,32.818,63.099,-0.427
2026-10-04 20:33:41,2026-10-04 20:37:02,AP,2356,1140,994,222,146,48.387,42.19,-0.458
2026-10-04 20:33:41,2026-10-04 20:37:02,BA,55016,14216,37906,2894,-23690,25.84,68.9,-35.913
2026-10-04 20:33:41,2026-10-04 20:37:02,CE,38436,11400,25194,1842,-13794,29.66,65.548,-29.821
2026-10-04 20:33:41,2026-10-04 20:37:02,ES,259,151,90,18,61,58.301,34.749,17.013
2026-10-04 20:33:41,2026-10-04 20:37:02,GO,7947,4100,2658,1189,1442,51.592,33.447,22.989
2026-10-04 20:33:41,2026-10-04 20:37:02,MA,34092,9819,22696,1577,-12877,28.801,66.573,-31.236
2026-10-04 20:33:41,2026-10-04 20:37:02,MG,37865,17219,17458,3188,-239,45.475,46.106,6.184
2026-10-04 20:33:41,2026-10-04 20:37:02,MT,1261,625,570,66,55,49.564,45.202,36.227
2026-10-04 20:33:41,2026-10-04 20:37:02,PA,18473,7344,10296,833,-2952,39.755,55.735,-3.11
2026-10-04 20:33:41,2026-10-04 20:37:02,PB,264,77,177,10,-100,29.167,67.045,-28.148
2026-10-04 20:33:41,2026-10-04 20:37:02,PE,26903,7891,17522,1490,-9631,29.331,65.13,-31.268
2026-10-04 20:33:41,2026-10-04 20:37:02,PI,7427,1465,5626,336,-4161,19.725,75.751,-46.071
2026-10-04 20:33:41,2026-10-04 20:37:02,PR,328,195,116,17,79,59.451,35.366,28.756
2026-10-04 20:33:41,2026-10-04 20:37:02,RJ,48250,26352,18077,3821,8275,54.616,37.465,14.114
2026-10-04 20:33:41,2026-10-04 20:37:02,RN,3563,1118,2278,167,-1160,31.378,63.935,-24.987
2026-10-04 20:33:41,2026-10-04 20:37:02,RS,3442,2101,1040,301,1061,61.04,30.215,19.933
2026-10-04 20:33:41,2026-10-04 20:37:02,SC,6814,4607,1610,597,2997,67.611,23.628,41.631
2026-10-04 20:33:41,2026-10-04 20:37:02,SE,2834,657,2018,159,-1361,23.183,71.207,-31.693
2026-10-04 20:33:41,2026-10-04 20:37:02,SP,72883,36996,28133,7754,8863,50.761,38.6,13.859
2026-10-04 20:33:41,2026-10-04 20:37:02,TO,3995,2367,1355,273,1012,59.249,33.917,6.925
2026-10-04 20:33:41,2026-10-04 20:37:02,ZZ,2969,1123,1551,295,-428,37.824,52.24,-8.858
2026-10-04 20:37:02,2026-10-04 20:40:32,BR,502597,200098,269240,33259,-69142,39.813,53.57,3.756
2026-10-04 20:37:02,2026-10-04 20:40:32,AC,273,167,63,43,104,61.172,23.077,35.806
2026-10-04 20:37:02,2026-10-04 20:40:32,AL,20608,8882,10563,1163,-1681,43.1,51.257,-16.414
2026-10-04 20:37:02,2026-10-04 20:40:32,AM,9381,3381,5614,386,-2233,36.041,59.844,-0.619
2026-10-04 20:37:02,2026-10-04 20:40:32,AP,3218,1603,1332,283,271,49.814,41.392,-0.422
2026-10-04 20:37:02,2026-10-04 20:40:32,BA,77354,20868,52507,3979,-31639,26.977,67.879,-35.972
2026-10-04 20:37:02,2026-10-04 20:40:32,CE,49479,13148,34164,2167,-21016,26.573,69.047,-29.872
2026-10-04 20:37:02,2026-10-04 20:40:32,ES,539,279,208,52,71,51.763,38.59,17.014
2026-10-04 20:37:02,2026-10-04 20:40:32,GO,7123,3684,2311,1128,1373,51.72,32.444,22.978
2026-10-04 20:37:02,2026-10-04 20:40:32,MA,31819,8870,21449,1500,-12579,27.876,67.409,-31.301
2026-10-04 20:37:02,2026-10-04 20:40:32,MG,51197,23384,23379,4434,5,45.675,45.665,6.16
2026-10-04 20:37:02,2026-10-04 20:40:32,MS,181,19,162,0,-143,10.497,89.503,23.983
2026-10-04 20:37:02,2026-10-04 20:40:32,MT,2051,1277,657,117,620,62.262,32.033,36.207
2026-10-04 20:37:02,2026-10-04 20:40:32,PA,16680,6969,9007,704,-2038,41.781,53.999,-3.165
2026-10-04 20:37:02,2026-10-04 20:40:32,PB,800,296,464,40,-168,37.0,58.0,-28.149
2026-10-04 20:37:02,2026-10-04 20:40:32,PE,43217,13073,27725,2419,-14652,30.25,64.153,-31.292
2026-10-04 20:37:02,2026-10-04 20:40:32,PI,9092,1985,6691,416,-4706,21.832,73.592,-46.109
2026-10-04 20:37:02,2026-10-04 20:40:32,PR,240,148,74,18,74,61.667,30.833,28.756
2026-10-04 20:37:02,2026-10-04 20:40:32,RJ,104015,54396,41509,8110,12887,52.296,39.907,14.133
2026-10-04 20:37:02,2026-10-04 20:40:32,RN,13539,5074,7702,763,-2628,37.477,56.888,-25.001
2026-10-04 20:37:02,2026-10-04 20:40:32,RO,208,145,39,24,106,69.712,18.75,41.562
2026-10-04 20:37:02,2026-10-04 20:40:32,RS,5583,3480,1626,477,1854,62.332,29.124,19.939
2026-10-04 20:37:02,2026-10-04 20:40:32,SC,11840,7925,3079,836,4846,66.934,26.005,41.635
2026-10-04 20:37:02,2026-10-04 20:40:32,SE,2465,561,1778,126,-1217,22.759,72.13,-31.728
2026-10-04 20:37:02,2026-10-04 20:40:32,SP,40693,19929,16765,3999,3164,48.974,41.199,13.853
2026-10-04 20:37:02,2026-10-04 20:40:32,TO,754,453,248,53,205,60.08,32.891,7.004
2026-10-04 20:37:02,2026-10-04 20:40:32,ZZ,248,102,124,22,-22,41.129,50.0,-8.92
2026-10-04 20:40:32,2026-10-04 20:44:02,BR,485751,197772,255309,32670,-57537,40.715,52.56,3.676
2026-10-04 20:40:32,2026-10-04 20:44:02,AC,1515,969,449,97,520,63.96,29.637,35.807
2026-10-04 20:40:32,2026-10-04 20:44:02,AL,14612,6773,7075,764,-302,46.352,48.419,-16.287
2026-10-04 20:40:32,2026-10-04 20:44:02,AM,4940,2121,2572,247,-451,42.935,52.065,-0.727
2026-10-04 20:40:32,2026-10-04 20:44:02,AP,3924,1902,1705,317,197,48.471,43.451,-0.355
2026-10-04 20:40:32,2026-10-04 20:44:02,BA,71444,19316,48842,3286,-29526,27.037,68.364,-36.028
2026-10-04 20:40:32,2026-10-04 20:44:02,CE,33772,9334,22954,1484,-13620,27.638,67.968,-30.006
2026-10-04 20:40:32,2026-10-04 20:44:02,ES,548,303,205,40,98,55.292,37.409,17.013
2026-10-04 20:40:32,2026-10-04 20:44:02,GO,5184,2375,1984,825,391,45.814,38.272,22.971
2026-10-04 20:40:32,2026-10-04 20:44:02,MA,21273,6255,14009,1009,-7754,29.403,65.853,-31.376
2026-10-04 20:40:32,2026-10-04 20:44:02,MG,27546,12162,13224,2160,-1062,44.152,48.007,6.13
2026-10-04 20:40:32,2026-10-04 20:44:02,MT,227,136,79,12,57,59.912,34.802,36.201
2026-10-04 20:40:32,2026-10-04 20:44:02,PA,27590,12319,14037,1234,-1718,44.65,50.877,-3.199
2026-10-04 20:40:32,2026-10-04 20:44:02,PB,2362,851,1385,126,-534,36.029,58.637,-28.147
2026-10-04 20:40:32,2026-10-04 20:44:02,PE,63065,18125,41785,3155,-23660,28.74,66.257,-31.315
2026-10-04 20:40:32,2026-10-04 20:44:02,PI,8268,1475,6458,335,-4983,17.84,78.108,-46.135
2026-10-04 20:40:32,2026-10-04 20:44:02,PR,985,773,142,70,631,78.477,14.416,28.756
2026-10-04 20:40:32,2026-10-04 20:44:02,RJ,68735,35837,27845,5053,7992,52.138,40.511,14.11
2026-10-04 20:40:32,2026-10-04 20:44:02,RN,5137,1678,3248,211,-1570,32.665,63.228,-24.962
2026-10-04 20:40:32,2026-10-04 20:44:02,RS,2756,1802,732,222,1070,65.385,26.56,19.951
2026-10-04 20:40:32,2026-10-04 20:44:02,SC,4463,3106,1030,327,2076,69.594,23.079,41.633
2026-10-04 20:40:32,2026-10-04 20:44:02,SE,306,99,191,16,-92,32.353,62.418,-31.761
2026-10-04 20:40:32,2026-10-04 20:44:02,SP,116842,59915,45261,11666,14654,51.279,38.737,13.843
2026-10-04 20:40:32,2026-10-04 20:44:02,TO,257,146,97,14,49,56.809,37.743,7.02
2026-10-04 20:44:02,2026-10-04 20:47:33,BR,550225,222856,289868,37501,-67012,40.503,52.682,3.608
2026-10-04 20:44:02,2026-10-04 20:47:33,AC,278,216,49,13,167,77.698,17.626,35.803
2026-10-04 20:44:02,2026-10-04 20:47:33,AL,23367,10869,11122,1376,-253,46.514,47.597,-16.134
2026-10-04 20:44:02,2026-10-04 20:47:33,AM,11478,4222,6736,520,-2514,36.783,58.686,-0.748
2026-10-04 20:44:02,2026-10-04 20:47:33,AP,6203,3047,2562,594,485,49.121,41.303,-0.306
2026-10-04 20:44:02,2026-10-04 20:47:33,BA,40633,9576,29265,1792,-19689,23.567,72.023,-36.083
2026-10-04 20:44:02,2026-10-04 20:47:33,CE,59123,17493,38743,2887,-21250,29.587,65.529,-30.08
2026-10-04 20:44:02,2026-10-04 20:47:33,ES,2513,1224,1093,196,131,48.707,43.494,17.013
2026-10-04 20:44:02,2026-10-04 20:47:33,GO,1996,753,889,354,-136,37.725,44.539,22.95
2026-10-04 20:44:02,2026-10-04 20:47:33,MA,30597,7931,21291,1375,-13360,25.921,69.585,-31.407
2026-10-04 20:44:02,2026-10-04 20:47:33,MG,89802,42588,39732,7482,2856,47.424,44.244,6.105
2026-10-04 20:44:02,2026-10-04 20:47:33,MT,1659,963,612,84,351,58.047,36.89,36.199
2026-10-04 20:44:02,2026-10-04 20:47:33,PA,25795,11439,13221,1135,-1782,44.346,51.254,-3.218
2026-10-04 20:44:02,2026-10-04 20:47:33,PB,241,59,175,7,-116,24.481,72.614,-28.142
2026-10-04 20:44:02,2026-10-04 20:47:33,PE,55686,14577,38281,2828,-23704,26.177,68.744,-31.393
2026-10-04 20:44:02,2026-10-04 20:47:33,PI,11838,2572,8724,542,-6152,21.727,73.695,-46.194
2026-10-04 20:44:02,2026-10-04 20:47:33,PR,854,388,429,37,-41,45.433,50.234,28.762
2026-10-04 20:44:02,2026-10-04 20:47:33,RJ,74000,38678,29781,5541,8897,52.268,40.245,14.089
2026-10-04 20:44:02,2026-10-04 20:47:33,RN,9597,3185,5882,530,-2697,33.187,61.29,-24.977
2026-10-04 20:44:02,2026-10-04 20:47:33,RS,822,495,253,74,242,60.219,30.779,19.959
2026-10-04 20:44:02,2026-10-04 20:47:33,SC,10082,6718,2563,801,4155,66.634,25.422,41.638
2026-10-04 20:44:02,2026-10-04 20:47:33,SE,1449,356,1037,56,-681,24.569,71.567,-31.761
2026-10-04 20:44:02,2026-10-04 20:47:33,SP,91934,45375,37293,9266,8082,49.356,40.565,13.837
2026-10-04 20:44:02,2026-10-04 20:47:33,TO,278,132,135,11,-3,47.482,48.561,7.024
2026-10-04 20:47:33,2026-10-04 20:51:04,BR,1089112,417906,602694,68512,-184788,38.371,55.338,3.529
2026-10-04 20:47:33,2026-10-04 20:51:04,AL,44534,20627,21481,2426,-854,46.317,48.235,-15.879
2026-10-04 20:47:33,2026-10-04 20:51:04,AM,13404,3867,9037,500,-5170,28.85,67.42,-0.868
2026-10-04 20:47:33,2026-10-04 20:51:04,AP,1562,663,769,130,-106,42.446,49.232,-0.191
2026-10-04 20:47:33,2026-10-04 20:51:04,BA,212700,56785,144953,10962,-88168,26.697,68.149,-36.156
2026-10-04 20:47:33,2026-10-04 20:51:04,CE,116622,34247,77007,5368,-42760,29.366,66.031,-30.153
2026-10-04 20:47:33,2026-10-04 20:51:04,ES,430,185,209,36,-24,43.023,48.605,17.0
2026-10-04 20:47:33,2026-10-04 20:51:04,GO,9726,4667,3555,1504,1112,47.985,36.552,22.934
2026-10-04 20:47:33,2026-10-04 20:51:04,MA,58572,15277,40717,2578,-25440,26.082,69.516,-31.514
2026-10-04 20:47:33,2026-10-04 20:51:04,MG,69192,33078,30969,5145,2109,47.806,44.758,6.08
2026-10-04 20:47:33,2026-10-04 20:51:04,MS,224,3,221,0,-218,1.339,98.661,23.97
2026-10-04 20:47:33,2026-10-04 20:51:04,MT,3353,1940,1246,167,694,57.859,37.161,36.187
2026-10-04 20:47:33,2026-10-04 20:51:04,PA,62642,23973,35946,2723,-11973,38.27,57.383,-3.239
2026-10-04 20:47:33,2026-10-04 20:51:04,PB,762,153,576,33,-423,20.079,75.591,-28.144
2026-10-04 20:47:33,2026-10-04 20:51:04,PE,104197,31889,66811,5497,-34922,30.605,64.12,-31.516
2026-10-04 20:47:33,2026-10-04 20:51:04,PI,12263,2557,9146,560,-6589,20.851,74.582,-46.228
2026-10-04 20:47:33,2026-10-04 20:51:04,PR,4347,2275,1793,279,482,52.335,41.247,28.757
2026-10-04 20:47:33,2026-10-04 20:51:04,RJ,197254,104541,78004,14709,26537,52.998,39.545,14.07
2026-10-04 20:47:33,2026-10-04 20:51:04,RN,26650,9268,16106,1276,-6838,34.777,60.435,-24.992
2026-10-04 20:47:33,2026-10-04 20:51:04,RR,318,293,25,0,268,92.138,7.862,48.451
2026-10-04 20:47:33,2026-10-04 20:51:04,RS,2202,1332,716,154,616,60.49,32.516,19.96
2026-10-04 20:47:33,2026-10-04 20:51:04,SC,4399,3060,984,355,2076,69.561,22.369,41.637
2026-10-04 20:47:33,2026-10-04 20:51:04,SE,5075,1462,3328,285,-1866,28.808,65.576,-31.777
2026-10-04 20:47:33,2026-10-04 20:51:04,SP,138684,65764,59095,13825,6669,47.42,42.611,13.817
2026-10-04 20:51:04,2026-10-04 20:54:34,BR,1699872,687745,898694,113433,-210949,40.459,52.868,3.33
2026-10-04 20:51:04,2026-10-04 20:54:34,AC,254,148,101,5,47,58.268,39.764,35.817
2026-10-04 20:51:04,2026-10-04 20:54:34,AL,78877,35683,39166,4028,-3483,45.239,49.655,-15.443
2026-10-04 20:51:04,2026-10-04 20:54:34,AM,30145,10283,18541,1321,-8258,34.112,61.506,-1.116
2026-10-04 20:51:04,2026-10-04 20:54:34,AP,15271,7027,6886,1358,141,46.015,45.092,-0.215
2026-10-04 20:51:04,2026-10-04 20:54:34,BA,252261,70637,169285,12339,-98648,28.002,67.107,-36.315
2026-10-04 20:51:04,2026-10-04 20:54:34,CE,176315,52511,115392,8412,-62881,29.782,65.447,-30.309
2026-10-04 20:51:04,2026-10-04 20:54:34,ES,3075,1909,928,238,981,62.081,30.179,16.995
2026-10-04 20:51:04,2026-10-04 20:54:34,GO,30841,14434,12142,4265,2292,46.801,39.37,22.904
2026-10-04 20:51:04,2026-10-04 20:54:34,MA,83327,21070,58488,3769,-37418,25.286,70.191,-31.709
2026-10-04 20:51:04,2026-10-04 20:54:34,MS,216,65,151,0,-86,30.093,69.907,23.952
2026-10-04 20:51:04,2026-10-04 20:54:34,MT,12233,7177,4495,561,2682,58.669,36.745,36.16
2026-10-04 20:51:04,2026-10-04 20:54:34,PA,67990,26491,38831,2668,-12340,38.963,57.113,-3.46
2026-10-04 20:51:04,2026-10-04 20:54:34,PB,3236,853,2261,122,-1408,26.36,69.87,-28.152
2026-10-04 20:51:04,2026-10-04 20:54:34,PE,110292,30868,73653,5771,-42785,27.988,66.78,-31.556
2026-10-04 20:51:04,2026-10-04 20:54:34,PI,37346,8029,27754,1563,-19725,21.499,74.316,-46.274
2026-10-04 20:51:04,2026-10-04 20:54:34,PR,3685,1575,1952,158,-377,42.741,52.972,28.746
2026-10-04 20:51:04,2026-10-04 20:54:34,RJ,419204,210400,176324,32480,34076,50.19,42.062,14.055
2026-10-04 20:51:04,2026-10-04 20:54:34,RN,22313,7480,13805,1028,-6325,33.523,61.87,-25.001
2026-10-04 20:51:04,2026-10-04 20:54:34,RO,431,271,134,26,137,62.877,31.09,41.564
2026-10-04 20:51:04,2026-10-04 20:54:34,RS,23259,11636,9597,2026,2039,50.028,41.261,19.963
2026-10-04 20:51:04,2026-10-04 20:54:34,SC,20504,13983,4912,1609,9071,68.196,23.956,41.642
2026-10-04 20:51:04,2026-10-04 20:54:34,SE,12559,3949,7894,716,-3945,31.444,62.855,-31.796
2026-10-04 20:51:04,2026-10-04 20:54:34,SP,295517,150893,115713,28911,35180,51.061,39.156,13.766
2026-10-04 20:51:04,2026-10-04 20:54:34,ZZ,721,373,289,59,84,51.734,40.083,-8.92
2026-10-04 20:54:34,2026-10-04 20:58:12,BR,1842154,735078,986550,120526,-251472,39.903,53.554,3.094
2026-10-04 20:54:34,2026-10-04 20:58:12,AC,291,232,52,7,180,79.725,17.869,35.808
2026-10-04 20:54:34,2026-10-04 20:58:12,AL,61139,25004,33319,2816,-8315,40.897,54.497,-14.864
2026-10-04 20:54:34,2026-10-04 20:58:12,AM,28851,9505,18137,1209,-8632,32.945,62.864,-1.499
2026-10-04 20:54:34,2026-10-04 20:58:12,AP,6221,3052,2604,565,448,49.06,41.858,-0.177
2026-10-04 20:54:34,2026-10-04 20:58:12,BA,176485,53969,113949,8567,-59980,30.58,64.566,-36.411
2026-10-04 20:54:34,2026-10-04 20:58:12,CE,193380,53122,131765,8493,-78643,27.47,68.138,-30.496
2026-10-04 20:54:34,2026-10-04 20:58:12,ES,740,472,217,51,255,63.784,29.324,17.016
2026-10-04 20:54:34,2026-10-04 20:58:12,GO,32112,14544,12846,4722,1698,45.291,40.004,22.777
2026-10-04 20:54:34,2026-10-04 20:58:12,MA,149443,42370,99411,7662,-57041,28.352,66.521,-32.01
2026-10-04 20:54:34,2026-10-04 20:58:12,MG,383536,174058,180116,29362,-6058,45.382,46.962,6.061
2026-10-04 20:54:34,2026-10-04 20:58:12,MT,5124,2889,2020,215,869,56.382,39.422,36.073
2026-10-04 20:54:34,2026-10-04 20:58:12,PA,75006,24983,47183,2840,-22200,33.308,62.906,-3.679
2026-10-04 20:54:34,2026-10-04 20:58:12,PB,4894,1403,3259,232,-1856,28.668,66.592,-28.172
2026-10-04 20:54:34,2026-10-04 20:58:12,PE,135604,38391,90045,7168,-51654,28.311,66.403,-31.707
2026-10-04 20:54:34,2026-10-04 20:58:12,PI,28238,5577,21466,1195,-15889,19.75,76.018,-46.394
2026-10-04 20:54:34,2026-10-04 20:58:12,PR,6916,4035,2481,400,1554,58.343,35.873,28.724
2026-10-04 20:54:34,2026-10-04 20:58:12,RJ,317015,163135,129477,24403,33658,51.46,40.843,13.771
2026-10-04 20:54:34,2026-10-04 20:58:12,RN,19454,6911,11425,1118,-4514,35.525,58.728,-25.039
2026-10-04 20:54:34,2026-10-04 20:58:12,RR,554,211,317,26,-106,38.087,57.22,48.486
2026-10-04 20:54:34,2026-10-04 20:58:12,RS,3774,2119,1362,293,757,56.147,36.089,19.922
2026-10-04 20:54:34,2026-10-04 20:58:12,SC,14188,9385,3641,1162,5744,66.147,25.663,41.654
2026-10-04 20:54:34,2026-10-04 20:58:12,SE,12280,3369,8295,616,-4926,27.435,67.549,-31.793
2026-10-04 20:54:34,2026-10-04 20:58:12,SP,166054,82088,67889,16077,14199,49.435,40.884,13.743
2026-10-04 20:54:34,2026-10-04 20:58:12,TO,265,121,118,26,3,45.66,44.528,7.021
2026-10-04 20:54:34,2026-10-04 20:58:12,ZZ,20590,14133,5156,1301,8977,68.64,25.041,-8.864
2026-10-04 20:58:12,2026-10-04 21:01:42,BR,1713263,642150,968500,102613,-326350,37.481,56.53,2.827
2026-10-04 20:58:12,2026-10-04 21:01:42,AL,146523,63149,75477,7897,-12328,43.098,51.512,-14.815
2026-10-04 20:58:12,2026-10-04 21:01:42,AM,25187,7526,16773,888,-9247,29.88,66.594,-1.89
2026-10-04 20:58:12,2026-10-04 21:01:42,AP,3042,1466,1317,259,149,48.192,43.294,-0.077
2026-10-04 20:58:12,2026-10-04 21:01:42,BA,369378,97574,254209,17595,-156635,26.416,68.821,-36.354
2026-10-04 20:58:12,2026-10-04 21:01:42,CE,112220,27510,80091,4619,-52581,24.514,71.37,-30.871
2026-10-04 20:58:12,2026-10-04 21:01:42,GO,14294,7177,5272,1845,1905,50.21,36.883,22.63
2026-10-04 20:58:12,2026-10-04 21:01:42,MA,88743,22550,62080,4113,-39530,25.41,69.955,-32.251
2026-10-04 20:58:12,2026-10-04 21:01:42,MG,365014,160963,178050,26001,-17087,44.098,48.779,5.801
2026-10-04 20:58:12,2026-10-04 21:01:42,MS,233,25,207,1,-182,10.73,88.841,23.943
2026-10-04 20:58:12,2026-10-04 21:01:42,MT,2544,1397,1042,105,355,54.914,40.959,36.024
2026-10-04 20:58:12,2026-10-04 21:01:42,PA,85378,30614,51309,3455,-20695,35.857,60.096,-4.097
2026-10-04 20:58:12,2026-10-04 21:01:42,PB,1858,514,1269,75,-755,27.664,68.299,-28.191
2026-10-04 20:58:12,2026-10-04 21:01:42,PE,87903,24334,59131,4438,-34797,27.683,67.268,-31.867
2026-10-04 20:58:12,2026-10-04 21:01:42,PI,34545,8055,24997,1493,-16942,23.317,72.361,-46.529
2026-10-04 20:58:12,2026-10-04 21:01:42,RJ,232149,121213,92750,18186,28463,52.213,39.953,13.66
2026-10-04 20:58:12,2026-10-04 21:01:42,RN,33716,11929,20018,1769,-8089,35.381,59.372,-25.021
2026-10-04 20:58:12,2026-10-04 21:01:42,RR,534,308,208,18,100,57.678,38.951,48.371
2026-10-04 20:58:12,2026-10-04 21:01:42,RS,3071,1694,1152,225,542,55.161,37.512,19.922
2026-10-04 20:58:12,2026-10-04 21:01:42,SC,821,496,272,53,224,60.414,33.13,41.65
2026-10-04 20:58:12,2026-10-04 21:01:42,SE,9202,1990,6800,412,-4810,21.626,73.897,-31.869
2026-10-04 20:58:12,2026-10-04 21:01:42,SP,87804,44927,34348,8529,10579,51.167,39.119,13.708
2026-10-04 20:58:12,2026-10-04 21:01:42,ZZ,9104,6739,1728,637,5011,74.022,18.981,-5.131
2026-10-04 21:01:42,2026-10-04 21:04:00,BR,427499,150615,250908,25976,-100293,35.232,58.692,2.507
2026-10-04 21:01:42,2026-10-04 21:04:00,AL,12446,5678,6023,745,-345,45.621,48.393,-14.267
2026-10-04 21:01:42,2026-10-04 21:04:00,BA,155942,40189,108186,7567,-67997,25.772,69.376,-36.638
2026-10-04 21:01:42,2026-10-04 21:04:00,CE,53054,13756,36944,2354,-23188,25.928,69.635,-31.206
2026-10-04 21:01:42,2026-10-04 21:04:00,GO,240,84,119,37,-35,35.0,49.583,22.595
2026-10-04 21:01:42,2026-10-04 21:04:00,MA,11847,2526,8889,432,-6363,21.322,75.032,-32.531
2026-10-04 21:01:42,2026-10-04 21:04:00,MT,235,127,96,12,31,54.043,40.851,35.995
2026-10-04 21:01:42,2026-10-04 21:04:00,PA,22458,6802,14812,844,-8010,30.288,65.954,-4.461
2026-10-04 21:01:42,2026-10-04 21:04:00,PB,265,19,243,3,-224,7.17,91.698,-28.2
2026-10-04 21:01:42,2026-10-04 21:04:00,PE,23702,4614,18005,1083,-13391,19.467,75.964,-31.99
2026-10-04 21:01:42,2026-10-04 21:04:00,PI,3165,503,2549,113,-2046,15.893,80.537,-46.57
2026-10-04 21:01:42,2026-10-04 21:04:00,RJ,34336,18906,12655,2775,6251,55.062,36.856,13.625
2026-10-04 21:01:42,2026-10-04 21:04:00,RN,4034,1370,2487,177,-1117,33.961,61.651,-25.004
2026-10-04 21:01:42,2026-10-04 21:04:00,RS,1249,469,749,31,-280,37.55,59.968,19.921
2026-10-04 21:01:42,2026-10-04 21:04:00,SC,171,101,54,16,47,59.064,31.579,41.648
2026-10-04 21:01:42,2026-10-04 21:04:00,SE,3739,968,2615,156,-1647,25.889,69.938,-32.007
2026-10-04 21:01:42,2026-10-04 21:04:00,SP,100616,54503,36482,9631,18021,54.169,36.259,13.702
2026-10-04 21:04:00,2026-10-04 21:07:31,BR,201033,63344,127427,10262,-64083,31.509,63.386,2.413
2026-10-04 21:04:00,2026-10-04 21:07:31,AL,3801,1408,2247,146,-839,37.043,59.116,-14.184
2026-10-04 21:04:00,2026-10-04 21:07:31,AM,4374,1744,2404,226,-660,39.872,54.961,-2.303
2026-10-04 21:04:00,2026-10-04 21:07:31,AP,306,132,150,24,-18,43.137,49.02,-0.045
2026-10-04 21:04:00,2026-10-04 21:07:31,BA,44685,9556,33546,1583,-23990,21.385,75.072,-36.773
2026-10-04 21:04:00,2026-10-04 21:07:31,CE,24687,6049,17588,1050,-11539,24.503,71.244,-31.329
2026-10-04 21:04:00,2026-10-04 21:07:31,GO,3434,1216,1806,412,-590,35.411,52.592,22.593
2026-10-04 21:04:00,2026-10-04 21:07:31,MA,11309,2144,8823,342,-6679,18.958,78.018,-32.595
2026-10-04 21:04:00,2026-10-04 21:07:31,MG,59118,26055,28973,4090,-2918,44.073,49.009,5.473
2026-10-04 21:04:00,2026-10-04 21:07:31,MS,176,66,100,10,-34,37.5,56.818,23.927
2026-10-04 21:04:00,2026-10-04 21:07:31,PA,14667,4849,9402,416,-4553,33.061,64.103,-4.608
2026-10-04 21:04:00,2026-10-04 21:07:31,PB,822,190,615,17,-425,23.114,74.818,-28.206
2026-10-04 21:04:00,2026-10-04 21:07:31,PE,11890,2459,8852,579,-6393,20.681,74.449,-32.095
2026-10-04 21:04:00,2026-10-04 21:07:31,PI,5647,853,4563,231,-3710,15.105,80.804,-46.597
2026-10-04 21:04:00,2026-10-04 21:07:31,RJ,5072,2052,2642,378,-590,40.457,52.09,13.642
2026-10-04 21:04:00,2026-10-04 21:07:31,RN,2323,945,1264,114,-319,40.68,54.412,-25.009
2026-10-04 21:04:00,2026-10-04 21:07:31,RR,312,26,284,2,-258,8.333,91.026,48.322
2026-10-04 21:04:00,2026-10-04 21:07:31,RS,252,149,88,15,61,59.127,34.921,19.913
2026-10-04 21:04:00,2026-10-04 21:07:31,SE,2740,432,2179,129,-1747,15.766,79.526,-32.04
2026-10-04 21:04:00,2026-10-04 21:07:31,SP,5418,3019,1901,498,1118,55.722,35.087,13.719
2026-10-04 21:07:31,2026-10-04 21:11:01,BR,179167,62330,106797,10040,-44467,34.789,59.608,2.354
2026-10-04 21:07:31,2026-10-04 21:11:01,AL,3125,791,2257,77,-1466,25.312,72.224,-14.201
2026-10-04 21:07:31,2026-10-04 21:11:01,AM,1440,431,956,53,-525,29.931,66.389,-2.33
2026-10-04 21:07:31,2026-10-04 21:11:01,BA,53796,12792,38551,2453,-25759,23.779,71.661,-36.866
2026-10-04 21:07:31,2026-10-04 21:11:01,CE,15288,3361,11402,525,-8041,21.985,74.581,-31.399
2026-10-04 21:07:31,2026-10-04 21:11:01,GO,231,106,86,39,20,45.887,37.229,22.557
2026-10-04 21:07:31,2026-10-04 21:11:01,MA,3887,898,2890,99,-1992,23.103,74.35,-32.672
2026-10-04 21:07:31,2026-10-04 21:11:01,MG,35991,13054,20688,2249,-7634,36.27,57.481,5.42
2026-10-04 21:07:31,2026-10-04 21:11:01,MT,587,122,459,6,-337,20.784,78.194,35.993
2026-10-04 21:07:31,2026-10-04 21:11:01,PA,7328,2482,4642,204,-2160,33.87,63.346,-4.689
2026-10-04 21:07:31,2026-10-04 21:11:01,PB,1187,326,777,84,-451,27.464,65.459,-28.214
2026-10-04 21:07:31,2026-10-04 21:11:01,PE,1310,193,1062,55,-869,14.733,81.069,-32.141
2026-10-04 21:07:31,2026-10-04 21:11:01,PI,3667,714,2810,143,-2096,19.471,76.629,-46.648
2026-10-04 21:07:31,2026-10-04 21:11:01,RJ,11877,6059,4973,845,1086,51.015,41.871,13.628
2026-10-04 21:07:31,2026-10-04 21:11:01,SC,4279,2395,1621,263,774,55.971,37.883,41.647
2026-10-04 21:07:31,2026-10-04 21:11:01,SP,17065,10802,4596,1667,6206,63.299,26.932,13.721
2026-10-04 21:07:31,2026-10-04 21:11:01,ZZ,18109,7804,9027,1278,-1223,43.095,49.848,-3.296
2026-10-04 21:11:01,2026-10-04 21:14:32,BR,115523,37249,72478,5796,-35229,32.244,62.739,2.313
2026-10-04 21:11:01,2026-10-04 21:14:32,AL,1738,770,915,53,-145,44.304,52.647,-14.26
2026-10-04 21:11:01,2026-10-04 21:14:32,AM,1930,347,1511,72,-1164,17.979,78.29,-2.353
2026-10-04 21:11:01,2026-10-04 21:14:32,BA,44698,11827,30964,1907,-19137,26.46,69.274,-36.939
2026-10-04 21:11:01,2026-10-04 21:14:32,CE,5160,1209,3759,192,-2550,23.43,72.849,-31.458
2026-10-04 21:11:01,2026-10-04 21:14:32,GO,1609,991,364,254,627,61.591,22.623,22.556
2026-10-04 21:11:01,2026-10-04 21:14:32,MA,14803,3444,10828,531,-7384,23.266,73.147,-32.69
2026-10-04 21:11:01,2026-10-04 21:14:32,MG,21716,8768,11669,1279,-2901,40.376,53.735,5.338
2026-10-04 21:11:01,2026-10-04 21:14:32,PA,3613,1215,2245,153,-1030,33.629,62.137,-4.727
2026-10-04 21:11:01,2026-10-04 21:14:32,PB,2597,675,1826,96,-1151,25.992,70.312,-28.218
2026-10-04 21:11:01,2026-10-04 21:14:32,PE,599,61,504,34,-443,10.184,84.14,-32.149
2026-10-04 21:11:01,2026-10-04 21:14:32,PI,1537,186,1307,44,-1121,12.101,85.036,-46.667
2026-10-04 21:11:01,2026-10-04 21:14:32,PR,182,105,68,9,37,57.692,37.363,28.717
2026-10-04 21:11:01,2026-10-04 21:14:32,RJ,11525,5835,4854,836,981,50.629,42.117,13.623
2026-10-04 21:11:01,2026-10-04 21:14:32,SP,3816,1816,1664,336,152,47.589,43.606,13.736
2026-10-04 21:14:32,2026-10-04 21:18:02,BR,164917,51193,104999,8725,-53806,31.042,63.668,2.281
2026-10-04 21:14:32,2026-10-04 21:18:02,AL,4981,2563,2098,320,465,51.456,42.12,-14.255
2026-10-04 21:14:32,2026-10-04 21:18:02,AM,3439,1473,1799,167,-326,42.832,52.312,-2.405
2026-10-04 21:14:32,2026-10-04 21:18:02,BA,38215,9199,27458,1558,-18259,24.072,71.851,-36.971
2026-10-04 21:14:32,2026-10-04 21:18:02,CE,18438,4588,13125,725,-8537,24.883,71.185,-31.475
2026-10-04 21:14:32,2026-10-04 21:18:02,GO,1258,662,438,158,224,52.623,34.817,22.563
2026-10-04 21:14:32,2026-10-04 21:18:02,MA,9436,2197,6883,356,-4686,23.283,72.944,-32.755
2026-10-04 21:14:32,2026-10-04 21:18:02,MG,33940,13556,17912,2472,-4356,39.941,52.775,5.304
2026-10-04 21:14:32,2026-10-04 21:18:02,PA,10129,3062,6676,391,-3614,30.23,65.91,-4.745
2026-10-04 21:14:32,2026-10-04 21:18:02,PE,17787,3047,14025,715,-10978,17.13,78.85,-32.154
2026-10-04 21:14:32,2026-10-04 21:18:02,PI,4315,902,3280,133,-2378,20.904,76.014,-46.686
2026-10-04 21:14:32,2026-10-04 21:18:02,RJ,5406,2190,2819,397,-629,40.511,52.146,13.616
2026-10-04 21:14:32,2026-10-04 21:18:02,RN,1820,437,1317,66,-880,24.011,72.363,-24.996
2026-10-04 21:14:32,2026-10-04 21:18:02,SC,343,244,85,14,159,71.137,24.781,41.625
2026-10-04 21:14:32,2026-10-04 21:18:02,SP,15410,7073,7084,1253,-11,45.899,45.97,13.735
2026-10-04 21:18:02,2026-10-04 21:21:33,BR,87325,25578,57320,4427,-31742,29.291,65.64,2.232
2026-10-04 21:18:02,2026-10-04 21:21:33,AL,10407,4446,5368,593,-922,42.721,51.581,-14.187
2026-10-04 21:18:02,2026-10-04 21:21:33,AM,4304,1998,2127,179,-129,46.422,49.419,-2.417
2026-10-04 21:18:02,2026-10-04 21:21:33,BA,28278,6407,20513,1358,-14106,22.657,72.54,-37.021
2026-10-04 21:18:02,2026-10-04 21:21:33,CE,10100,2562,7183,355,-4621,25.366,71.119,-31.525
2026-10-04 21:18:02,2026-10-04 21:21:33,GO,586,283,208,95,75,48.294,35.495,22.561
2026-10-04 21:18:02,2026-10-04 21:21:33,MA,4884,1294,3365,225,-2071,26.495,68.898,-32.795
2026-10-04 21:18:02,2026-10-04 21:21:33,MG,5046,1738,2896,412,-1158,34.443,57.392,5.252
2026-10-04 21:18:02,2026-10-04 21:21:33,PA,11460,3150,7813,497,-4663,27.487,68.176,-4.811
2026-10-04 21:18:02,2026-10-04 21:21:33,PE,7024,1454,5238,332,-3784,20.7,74.573,-32.248
2026-10-04 21:18:02,2026-10-04 21:21:33,PI,894,250,604,40,-354,27.964,67.562,-46.703
2026-10-04 21:18:02,2026-10-04 21:21:33,RJ,1938,773,1018,147,-245,39.886,52.528,13.602
2026-10-04 21:18:02,2026-10-04 21:21:33,SE,238,53,164,21,-111,22.269,68.908,-32.104
2026-10-04 21:18:02,2026-10-04 21:21:33,SP,2062,1133,761,168,372,54.947,36.906,13.726
2026-10-04 21:18:02,2026-10-04 21:21:33,ZZ,104,37,62,5,-25,35.577,59.615,-3.494
2026-10-04 21:21:33,2026-10-04 21:25:03,BR,90142,30801,54422,4919,-23621,34.169,60.374,2.204
2026-10-04 21:21:33,2026-10-04 21:25:03,AL,3843,1946,1663,234,283,50.638,43.273,-14.155
2026-10-04 21:21:33,2026-10-04 21:25:03,AM,620,69,536,15,-467,11.129,86.452,-2.418
2026-10-04 21:21:33,2026-10-04 21:25:03,BA,20268,4464,15060,744,-10596,22.025,74.304,-37.065
2026-10-04 21:21:33,2026-10-04 21:25:03,CE,8592,1961,6315,316,-4354,22.824,73.499,-31.551
2026-10-04 21:21:33,2026-10-04 21:25:03,MA,2724,671,1906,147,-1235,24.633,69.971,-32.807
2026-10-04 21:21:33,2026-10-04 21:25:03,MG,10227,4155,5426,646,-1271,40.628,53.056,5.24
2026-10-04 21:21:33,2026-10-04 21:25:03,MT,238,161,64,13,97,67.647,26.891,35.965
2026-10-04 21:21:33,2026-10-04 21:25:03,PA,9752,2295,7196,261,-4901,23.534,73.79,-4.896
2026-10-04 21:21:33,2026-10-04 21:25:03,PB,217,71,132,14,-61,32.719,60.829,-28.235
2026-10-04 21:21:33,2026-10-04 21:25:03,PE,1960,582,1281,97,-699,29.694,65.357,-32.275
2026-10-04 21:21:33,2026-10-04 21:25:03,PI,5498,765,4567,166,-3802,13.914,83.067,-46.7
2026-10-04 21:21:33,2026-10-04 21:25:03,RJ,10328,5589,3904,835,1685,54.115,37.8,13.596
2026-10-04 21:21:33,2026-10-04 21:25:03,RN,1210,700,475,35,225,57.851,39.256,-25.017
2026-10-04 21:21:33,2026-10-04 21:25:03,SP,14633,7357,5885,1391,1472,50.277,40.217,13.727
2026-10-04 21:21:33,2026-10-04 21:25:03,ZZ,32,15,12,5,3,46.875,37.5,-3.501
2026-10-04 21:25:03,2026-10-04 21:28:30,BR,69687,22975,43191,3521,-20216,32.969,61.979,2.182
2026-10-04 21:25:03,2026-10-04 21:28:30,AL,10119,5208,4331,580,877,51.468,42.801,-14.108
2026-10-04 21:25:03,2026-10-04 21:28:30,AM,2292,978,1163,151,-185,42.67,50.742,-2.439
2026-10-04 21:25:03,2026-10-04 21:28:30,BA,31750,7169,23248,1333,-16079,22.58,73.222,-37.103
2026-10-04 21:25:03,2026-10-04 21:28:30,CE,3618,1084,2415,119,-1331,29.961,66.75,-31.581
2026-10-04 21:25:03,2026-10-04 21:28:30,GO,500,220,172,108,48,44.0,34.4,22.56
2026-10-04 21:25:03,2026-10-04 21:28:30,MA,2683,552,2020,111,-1468,20.574,75.289,-32.816
2026-10-04 21:25:03,2026-10-04 21:28:30,MG,3474,1367,1903,204,-536,39.349,54.778,5.224
2026-10-04 21:25:03,2026-10-04 21:28:30,PA,2645,1155,1366,124,-211,43.667,51.645,-4.988
2026-10-04 21:25:03,2026-10-04 21:28:30,PE,1160,253,864,43,-611,21.81,74.483,-32.277
2026-10-04 21:25:03,2026-10-04 21:28:30,PI,3057,644,2307,106,-1663,21.066,75.466,-46.758
2026-10-04 21:25:03,2026-10-04 21:28:30,RJ,532,281,212,39,69,52.82,39.85,13.599
2026-10-04 21:25:03,2026-10-04 21:28:30,RN,965,561,359,45,202,58.135,37.202,-24.991
2026-10-04 21:25:03,2026-10-04 21:28:30,SC,950,470,423,57,47,49.474,44.526,41.625
2026-10-04 21:25:03,2026-10-04 21:28:30,SP,4507,2408,1771,328,637,53.428,39.294,13.725
2026-10-04 21:25:03,2026-10-04 21:28:30,ZZ,1435,625,637,173,-12,43.554,44.39,-3.499
2026-10-04 21:28:30,2026-10-04 21:32:01,BR,85811,27722,53567,4522,-25845,32.306,62.424,2.164
2026-10-04 21:28:30,2026-10-04 21:32:01,AL,2530,1316,1050,164,266,52.016,41.502,-13.977
2026-10-04 21:28:30,2026-10-04 21:32:01,AM,703,182,489,32,-307,25.889,69.559,-2.445
2026-10-04 21:28:30,2026-10-04 21:32:01,BA,18258,3572,14176,510,-10604,19.564,77.643,-37.154
2026-10-04 21:28:30,2026-10-04 21:32:01,CE,9333,2264,6762,307,-4498,24.258,72.453,-31.585
2026-10-04 21:28:30,2026-10-04 21:32:01,GO,806,408,288,110,120,50.62,35.732,22.558
2026-10-04 21:28:30,2026-10-04 21:32:01,MA,11031,3072,7296,663,-4224,27.849,66.141,-32.83
2026-10-04 21:28:30,2026-10-04 21:32:01,MG,21540,7940,12247,1353,-4307,36.862,56.857,5.218
2026-10-04 21:28:30,2026-10-04 21:32:01,PA,5348,1561,3633,154,-2072,29.188,67.932,-4.99
2026-10-04 21:28:30,2026-10-04 21:32:01,PB,932,187,713,32,-526,20.064,76.502,-28.235
2026-10-04 21:28:30,2026-10-04 21:32:01,PE,2464,786,1565,113,-779,31.899,63.515,-32.281
2026-10-04 21:28:30,2026-10-04 21:32:01,PI,1291,177,1082,32,-905,13.71,83.811,-46.769
2026-10-04 21:28:30,2026-10-04 21:32:01,RJ,572,290,239,43,51,50.699,41.783,13.599
2026-10-04 21:28:30,2026-10-04 21:32:01,SP,11003,5967,4027,1009,1940,54.231,36.599,13.725
2026-10-04 21:32:01,2026-10-04 21:35:31,BR,79250,22635,53052,3563,-30417,28.562,66.943,2.14
2026-10-04 21:32:01,2026-10-04 21:35:31,AL,9204,3381,5380,443,-1999,36.734,58.453,-13.942
2026-10-04 21:32:01,2026-10-04 21:35:31,AM,1202,321,839,42,-518,26.705,69.8,-2.459
2026-10-04 21:32:01,2026-10-04 21:35:31,BA,23851,5491,17398,962,-11907,23.022,72.945,-37.2
2026-10-04 21:32:01,2026-10-04 21:35:31,CE,18378,3237,14431,710,-11194,17.613,78.523,-31.613
2026-10-04 21:32:01,2026-10-04 21:35:31,MA,5381,1354,3813,214,-2459,25.163,70.86,-32.846
2026-10-04 21:32:01,2026-10-04 21:35:31,MG,8543,4114,3929,500,185,48.156,45.991,5.172
2026-10-04 21:32:01,2026-10-04 21:35:31,PA,3333,858,2393,82,-1535,25.743,71.797,-5.028
2026-10-04 21:32:01,2026-10-04 21:35:31,PE,1112,146,924,42,-778,13.129,83.094,-32.28
2026-10-04 21:32:01,2026-10-04 21:35:31,PI,2238,384,1779,75,-1395,17.158,79.491,-46.783
2026-10-04 21:32:01,2026-10-04 21:35:31,RJ,1082,515,497,70,18,47.597,45.933,13.599
2026-10-04 21:32:01,2026-10-04 21:35:31,RN,892,421,427,44,-6,47.197,47.87,-24.97
2026-10-04 21:32:01,2026-10-04 21:35:31,SP,3140,1830,1026,284,804,58.28,32.675,13.726
2026-10-04 21:32:01,2026-10-04 21:35:31,ZZ,894,583,216,95,367,65.213,24.161,-3.487
2026-10-04 21:35:31,2026-10-04 21:39:01,BR,70783,25196,42307,3280,-17111,35.596,59.77,2.113
2026-10-04 21:35:31,2026-10-04 21:39:01,AL,11050,4062,6456,532,-2394,36.76,58.425,-13.982
2026-10-04 21:35:31,2026-10-04 21:39:01,AM,1425,293,1080,52,-787,20.561,75.789,-2.481
2026-10-04 21:35:31,2026-10-04 21:39:01,BA,14869,2858,11546,465,-8688,19.221,77.651,-37.237
2026-10-04 21:35:31,2026-10-04 21:39:01,CE,6848,1772,4772,304,-3000,25.876,69.685,-31.71
2026-10-04 21:35:31,2026-10-04 21:39:01,MA,1500,226,1229,45,-1003,15.067,81.933,-32.863
2026-10-04 21:35:31,2026-10-04 21:39:01,MG,22744,11648,9773,1323,1875,51.214,42.97,5.17
2026-10-04 21:35:31,2026-10-04 21:39:01,PA,5613,1356,4075,182,-2719,24.158,72.599,-5.056
2026-10-04 21:35:31,2026-10-04 21:39:01,PB,277,96,177,4,-81,34.657,63.899,-28.246
2026-10-04 21:35:31,2026-10-04 21:39:01,PE,1194,196,964,34,-768,16.415,80.737,-32.288
2026-10-04 21:35:31,2026-10-04 21:39:01,PI,757,167,575,15,-408,22.061,75.958,-46.799
2026-10-04 21:35:31,2026-10-04 21:39:01,RN,1103,540,523,40,17,48.957,47.416,-24.959
2026-10-04 21:35:31,2026-10-04 21:39:01,SP,3382,1973,1130,279,843,58.338,33.412,13.728
2026-10-04 21:35:31,2026-10-04 21:39:01,ZZ,21,9,7,5,2,42.857,33.333,-3.362
2026-10-04 21:39:01,2026-10-04 21:42:31,BR,62202,16191,43388,2623,-27197,26.03,69.753,2.097
2026-10-04 21:39:01,2026-10-04 21:42:31,AL,15028,4617,9786,625,-5169,30.723,65.118,-14.03
2026-10-04 21:39:01,2026-10-04 21:42:31,BA,13602,3087,9933,582,-6846,22.695,73.026,-37.274
2026-10-04 21:39:01,2026-10-04 21:42:31,CE,18357,4543,13006,808,-8463,24.748,70.85,-31.725
2026-10-04 21:39:01,2026-10-04 21:42:31,MA,4373,699,3523,151,-2824,15.984,80.563,-32.876
2026-10-04 21:39:01,2026-10-04 21:42:31,MG,3228,1377,1689,162,-312,42.658,52.323,5.176
2026-10-04 21:39:01,2026-10-04 21:42:31,PA,5015,1099,3767,149,-2668,21.914,75.115,-5.106
2026-10-04 21:39:01,2026-10-04 21:42:31,PE,1025,96,893,36,-797,9.366,87.122,-32.295
2026-10-04 21:39:01,2026-10-04 21:42:31,PI,240,71,156,13,-85,29.583,65.0,-46.802
2026-10-04 21:39:01,2026-10-04 21:42:31,RJ,1334,602,635,97,-33,45.127,47.601,13.598
2026-10-04 21:42:31,2026-10-04 21:46:02,BR,55063,17274,35314,2475,-18040,31.371,64.134,2.073
2026-10-04 21:42:31,2026-10-04 21:46:02,AL,8615,2450,5809,356,-3359,28.439,67.429,-14.2
2026-10-04 21:42:31,2026-10-04 21:46:02,AM,879,24,827,28,-803,2.73,94.084,-2.517
2026-10-04 21:42:31,2026-10-04 21:46:02,BA,11899,2962,8463,474,-5501,24.893,71.124,-37.296
2026-10-04 21:42:31,2026-10-04 21:46:02,CE,6850,1780,4772,298,-2992,25.985,69.664,-31.773
2026-10-04 21:42:31,2026-10-04 21:46:02,MA,2968,522,2359,87,-1837,17.588,79.481,-32.911
2026-10-04 21:42:31,2026-10-04 21:46:02,MG,17928,7731,9303,894,-1572,43.122,51.891,5.172
2026-10-04 21:42:31,2026-10-04 21:46:02,PA,2100,558,1443,99,-885,26.571,68.714,-5.156
2026-10-04 21:42:31,2026-10-04 21:46:02,PE,557,138,388,31,-250,24.776,69.659,-32.303
2026-10-04 21:42:31,2026-10-04 21:46:02,PI,683,119,543,21,-424,17.423,79.502,-46.8
2026-10-04 21:42:31,2026-10-04 21:46:02,PR,184,2,175,7,-173,1.087,95.109,28.717
2026-10-04 21:42:31,2026-10-04 21:46:02,RN,1377,450,862,65,-412,32.68,62.6,-24.945
2026-10-04 21:42:31,2026-10-04 21:46:02,SP,1023,538,370,115,168,52.59,36.168,13.729
2026-10-04 21:46:02,2026-10-04 21:49:32,BR,34479,8358,24718,1403,-16360,24.241,71.69,2.057
2026-10-04 21:46:02,2026-10-04 21:49:32,AL,2231,1111,1053,67,58,49.798,47.199,-14.318
2026-10-04 21:46:02,2026-10-04 21:49:32,AM,6415,968,5274,173,-4306,15.09,82.214,-2.553
2026-10-04 21:46:02,2026-10-04 21:49:32,BA,9854,2022,7512,320,-5490,20.52,76.233,-37.308
2026-10-04 21:46:02,2026-10-04 21:49:32,CE,3256,548,2604,104,-2056,16.83,79.975,-31.788
2026-10-04 21:46:02,2026-10-04 21:49:32,MA,426,51,364,11,-313,11.972,85.446,-32.932
2026-10-04 21:46:02,2026-10-04 21:49:32,MG,5386,2023,2933,430,-910,37.56,54.456,5.151
2026-10-04 21:46:02,2026-10-04 21:49:32,PA,4583,1136,3273,174,-2137,24.787,71.416,-5.172
2026-10-04 21:46:02,2026-10-04 21:49:32,PI,1875,249,1551,75,-1302,13.28,82.72,-46.805
2026-10-04 21:46:02,2026-10-04 21:49:32,PR,164,68,91,5,-23,41.463,55.488,28.713
2026-10-04 21:46:02,2026-10-04 21:49:32,SP,289,182,63,44,119,62.976,21.799,13.729
2026-10-04 21:49:32,2026-10-04 21:53:02,BR,64299,18383,42983,2933,-24600,28.59,66.849,2.043
2026-10-04 21:49:32,2026-10-04 21:53:02,AM,1991,916,970,105,-54,46.007,48.719,-2.746
2026-10-04 21:49:32,2026-10-04 21:53:02,BA,10212,2089,7797,326,-5708,20.456,76.351,-37.33
2026-10-04 21:49:32,2026-10-04 21:53:02,CE,9639,2247,7070,322,-4823,23.312,73.348,-31.806
2026-10-04 21:49:32,2026-10-04 21:53:02,GO,1072,395,534,143,-139,36.847,49.813,22.557
2026-10-04 21:49:32,2026-10-04 21:53:02,MA,863,110,735,18,-625,12.746,85.168,-32.937
2026-10-04 21:49:32,2026-10-04 21:53:02,MG,22777,7573,14112,1092,-6539,33.248,61.957,5.141
2026-10-04 21:49:32,2026-10-04 21:53:02,PA,1711,397,1249,65,-852,23.203,72.998,-5.212
2026-10-04 21:49:32,2026-10-04 21:53:02,PE,5566,680,4703,183,-4023,12.217,84.495,-32.304
2026-10-04 21:49:32,2026-10-04 21:53:02,PI,699,99,585,15,-486,14.163,83.691,-46.825
2026-10-04 21:49:32,2026-10-04 21:53:02,RJ,2877,1422,1189,266,233,49.426,41.328,13.595
2026-10-04 21:49:32,2026-10-04 21:53:02,RN,6337,2123,3868,346,-1745,33.502,61.038,-24.949
2026-10-04 21:49:32,2026-10-04 21:53:02,SP,531,323,157,51,166,60.829,29.567,13.73
2026-10-04 21:49:32,2026-10-04 21:53:02,ZZ,24,9,14,1,-5,37.5,58.333,-3.362
2026-10-04 21:53:02,2026-10-04 21:56:33,BR,37320,10778,25130,1412,-14352,28.88,67.337,2.021
2026-10-04 21:53:02,2026-10-04 21:56:33,AL,3995,1934,1802,259,132,48.411,45.106,-14.297
2026-10-04 21:53:02,2026-10-04 21:56:33,AM,1972,359,1525,88,-1166,18.205,77.333,-2.746
2026-10-04 21:53:02,2026-10-04 21:56:33,BA,16944,3770,12659,515,-8889,22.25,74.711,-37.352
2026-10-04 21:53:02,2026-10-04 21:56:33,CE,1123,374,721,28,-347,33.304,64.203,-31.838
2026-10-04 21:53:02,2026-10-04 21:56:33,MA,106,17,85,4,-68,16.038,80.189,-32.945
2026-10-04 21:53:02,2026-10-04 21:56:33,MG,5364,1901,3197,266,-1296,35.44,59.601,5.076
2026-10-04 21:53:02,2026-10-04 21:56:33,PA,5481,1596,3736,149,-2140,29.119,68.163,-5.227
2026-10-04 21:53:02,2026-10-04 21:56:33,PI,277,22,252,3,-230,7.942,90.975,-46.833
2026-10-04 21:53:02,2026-10-04 21:56:33,SC,936,488,401,47,87,52.137,42.842,41.617
2026-10-04 21:53:02,2026-10-04 21:56:33,SE,888,202,652,34,-450,22.748,73.423,-32.107
2026-10-04 21:53:02,2026-10-04 21:56:33,SP,234,115,100,19,15,49.145,42.735,13.73
2026-10-04 21:56:33,2026-10-04 22:00:03,BR,47372,13368,31992,2012,-18624,28.219,67.534,2.008
2026-10-04 21:56:33,2026-10-04 22:00:03,AM,1186,296,835,55,-539,24.958,70.405,-2.797
2026-10-04 21:56:33,2026-10-04 22:00:03,BA,12450,2999,9086,365,-6087,24.088,72.98,-37.383
2026-10-04 21:56:33,2026-10-04 22:00:03,CE,5551,1429,3919,203,-2490,25.743,70.6,-31.837
2026-10-04 21:56:33,2026-10-04 22:00:03,MA,7873,2458,4925,490,-2467,31.221,62.556,-32.946
2026-10-04 21:56:33,2026-10-04 22:00:03,MG,13782,4190,8966,626,-4776,30.402,65.056,5.063
2026-10-04 21:56:33,2026-10-04 22:00:03,PA,2341,528,1736,77,-1208,22.554,74.156,-5.266
2026-10-04 21:56:33,2026-10-04 22:00:03,PB,376,216,130,30,86,57.447,34.574,-28.246
2026-10-04 21:56:33,2026-10-04 22:00:03,PE,293,89,185,19,-96,30.375,63.14,-32.344
2026-10-04 21:56:33,2026-10-04 22:00:03,RN,3247,1085,2025,137,-940,33.415,62.365,-24.956
2026-10-04 21:56:33,2026-10-04 22:00:03,SE,273,78,185,10,-107,28.571,67.766,-32.119
2026-10-04 22:00:03,2026-10-04 22:03:36,BR,26182,5948,19368,866,-13420,22.718,73.974,1.992
2026-10-04 22:00:03,2026-10-04 22:03:36,AM,288,3,283,2,-280,1.042,98.264,-2.821
2026-10-04 22:00:03,2026-10-04 22:03:36,BA,10937,2515,8077,345,-5562,22.995,73.85,-37.4
2026-10-04 22:00:03,2026-10-04 22:03:36,CE,3221,627,2507,87,-1880,19.466,77.833,-31.85
2026-10-04 22:00:03,2026-10-04 22:03:36,MA,1903,325,1497,81,-1172,17.078,78.665,-32.943
2026-10-04 22:00:03,2026-10-04 22:03:36,MG,72,16,51,5,-35,22.222,70.833,5.017
2026-10-04 22:00:03,2026-10-04 22:03:36,PA,4763,1373,3217,173,-1844,28.826,67.541,-5.288
2026-10-04 22:00:03,2026-10-04 22:03:36,PB,398,198,177,23,21,49.749,44.472,-28.238
2026-10-04 22:00:03,2026-10-04 22:03:36,PE,3630,717,2792,121,-2075,19.752,76.915,-32.344
2026-10-04 22:00:03,2026-10-04 22:03:36,PI,465,86,358,21,-272,18.495,76.989,-46.837
2026-10-04 22:00:03,2026-10-04 22:03:36,RN,505,88,409,8,-321,17.426,80.99,-24.963
2026-10-04 22:03:36,2026-10-04 22:07:06,BR,28051,6943,20054,1054,-13111,24.751,71.491,1.98
2026-10-04 22:03:36,2026-10-04 22:07:06,AL,367,179,148,40,31,48.774,40.327,-14.259
2026-10-04 22:03:36,2026-10-04 22:07:06,AM,1209,92,1096,21,-1004,7.61,90.653,-2.833
2026-10-04 22:03:36,2026-10-04 22:07:06,BA,9214,1996,6922,296,-4926,21.663,75.125,-37.417
2026-10-04 22:03:36,2026-10-04 22:07:06,CE,8269,2209,5761,299,-3552,26.714,69.67,-31.866
2026-10-04 22:03:36,2026-10-04 22:07:06,MA,1883,331,1498,54,-1167,17.578,79.554,-32.956
2026-10-04 22:03:36,2026-10-04 22:07:06,MG,3803,1182,2420,201,-1238,31.081,63.634,5.017
2026-10-04 22:03:36,2026-10-04 22:07:06,PA,1087,193,863,31,-670,17.755,79.393,-5.321
2026-10-04 22:03:36,2026-10-04 22:07:06,PE,978,217,711,50,-494,22.188,72.699,-32.36
2026-10-04 22:03:36,2026-10-04 22:07:06,RJ,386,277,87,22,190,71.762,22.539,13.594
2026-10-04 22:03:36,2026-10-04 22:07:06,RN,855,267,548,40,-281,31.228,64.094,-24.972
2026-10-04 22:07:06,2026-10-04 22:10:36,BR,56992,17452,36706,2834,-19254,30.622,64.406,1.969
2026-10-04 22:07:06,2026-10-04 22:10:36,AM,822,332,463,27,-131,40.389,56.326,-2.878
2026-10-04 22:07:06,2026-10-04 22:10:36,BA,29044,8393,19387,1264,-10994,28.898,66.75,-37.435
2026-10-04 22:07:06,2026-10-04 22:10:36,MA,1905,228,1628,49,-1400,11.969,85.459,-32.97
2026-10-04 22:07:06,2026-10-04 22:10:36,MG,21317,7551,12566,1200,-5015,35.422,58.948,5.005
2026-10-04 22:07:06,2026-10-04 22:10:36,PE,985,102,859,24,-757,10.355,87.208,-32.364
2026-10-04 22:07:06,2026-10-04 22:10:36,RN,673,229,422,22,-193,34.027,62.704,-24.975
2026-10-04 22:07:06,2026-10-04 22:10:36,ZZ,2246,617,1381,248,-764,27.471,61.487,-3.363
2026-10-04 22:10:36,2026-10-04 22:14:06,BR,11806,3266,7906,634,-4640,27.664,66.966,1.952
2026-10-04 22:10:36,2026-10-04 22:14:06,AL,234,33,184,17,-151,14.103,78.632,-14.254
2026-10-04 22:10:36,2026-10-04 22:14:06,AM,501,10,486,5,-476,1.996,97.006,-2.883
2026-10-04 22:10:36,2026-10-04 22:14:06,BA,1107,202,864,41,-662,18.248,78.049,-37.436
2026-10-04 22:10:36,2026-10-04 22:14:06,CE,2627,668,1881,78,-1213,25.428,71.603,-31.882
2026-10-04 22:10:36,2026-10-04 22:14:06,MA,594,139,436,19,-297,23.401,73.401,-32.989
2026-10-04 22:10:36,2026-10-04 22:14:06,MG,1136,484,592,60,-108,42.606,52.113,4.954
2026-10-04 22:10:36,2026-10-04 22:14:06,PA,122,8,112,2,-104,6.557,91.803,-5.333
2026-10-04 22:10:36,2026-10-04 22:14:06,PB,277,25,246,6,-221,9.025,88.809,-28.233
2026-10-04 22:10:36,2026-10-04 22:14:06,PE,257,47,201,9,-154,18.288,78.21,-32.371
2026-10-04 22:10:36,2026-10-04 22:14:06,ZZ,4951,1650,2904,397,-1254,33.327,58.655,-3.577
2026-10-04 22:14:06,2026-10-04 22:17:36,BR,15716,3027,12106,583,-9079,19.261,77.03,1.948
2026-10-04 22:14:06,2026-10-04 22:17:36,AL,495,91,378,26,-287,18.384,76.364,-14.26
2026-10-04 22:14:06,2026-10-04 22:17:36,AM,831,29,776,26,-747,3.49,93.381,-2.904
2026-10-04 22:14:06,2026-10-04 22:17:36,BA,8386,1587,6517,282,-4930,18.924,77.713,-37.439
2026-10-04 22:14:06,2026-10-04 22:17:36,CE,1953,360,1542,51,-1182,18.433,78.955,-31.889
2026-10-04 22:14:06,2026-10-04 22:17:36,MG,835,125,684,26,-559,14.97,81.916,4.953
2026-10-04 22:14:06,2026-10-04 22:17:36,PA,1768,224,1493,51,-1269,12.67,84.446,-5.335
2026-10-04 22:14:06,2026-10-04 22:17:36,SP,468,281,156,31,125,60.043,33.333,13.73
2026-10-04 22:14:06,2026-10-04 22:17:36,ZZ,980,330,560,90,-230,33.673,57.143,-3.907
2026-10-04 22:17:36,2026-10-04 22:21:06,BR,13702,3056,10106,540,-7050,22.303,73.756,1.94
2026-10-04 22:17:36,2026-10-04 22:21:06,AM,321,15,302,4,-287,4.673,94.081,-2.938
2026-10-04 22:17:36,2026-10-04 22:21:06,BA,6431,1155,5064,212,-3909,17.96,78.744,-37.46
2026-10-04 22:17:36,2026-10-04 22:21:06,CE,1062,272,759,31,-487,25.612,71.469,-31.899
2026-10-04 22:17:36,2026-10-04 22:21:06,MA,1216,317,856,43,-539,26.069,70.395,-32.992
2026-10-04 22:17:36,2026-10-04 22:21:06,MG,877,368,432,77,-64,41.961,49.259,4.948
2026-10-04 22:17:36,2026-10-04 22:21:06,PA,1001,213,739,49,-526,21.279,73.826,-5.36
2026-10-04 22:17:36,2026-10-04 22:21:06,PI,2127,337,1733,57,-1396,15.844,81.476,-46.84
2026-10-04 22:17:36,2026-10-04 22:21:06,SP,667,379,221,67,158,56.822,33.133,13.73
2026-10-04 22:21:06,2026-10-04 22:24:36,BR,12978,2682,9841,455,-7159,20.666,75.828,1.934
2026-10-04 22:21:06,2026-10-04 22:24:36,AM,658,259,377,22,-118,39.362,57.295,-2.951
2026-10-04 22:21:06,2026-10-04 22:24:36,BA,4647,901,3573,173,-2672,19.389,76.888,-37.478
2026-10-04 22:21:06,2026-10-04 22:24:36,CE,2420,576,1754,90,-1178,23.802,72.479,-31.901
2026-10-04 22:21:06,2026-10-04 22:24:36,MA,994,169,801,24,-632,17.002,80.584,-32.995
2026-10-04 22:21:06,2026-10-04 22:24:36,MG,796,206,563,27,-357,25.879,70.729,4.947
2026-10-04 22:21:06,2026-10-04 22:24:36,PA,696,250,422,24,-172,35.92,60.632,-5.369
2026-10-04 22:21:06,2026-10-04 22:24:36,PE,2068,117,1897,54,-1780,5.658,91.731,-32.373
2026-10-04 22:21:06,2026-10-04 22:24:36,PI,446,67,366,13,-299,15.022,82.063,-46.859
2026-10-04 22:21:06,2026-10-04 22:24:36,SP,253,137,88,28,49,54.15,34.783,13.731
2026-10-04 22:24:36,2026-10-04 22:28:07,BR,16533,3639,12236,658,-8597,22.011,74.01,1.927
2026-10-04 22:24:36,2026-10-04 22:28:07,AM,1583,263,1284,36,-1021,16.614,81.112,-2.955
2026-10-04 22:24:36,2026-10-04 22:28:07,BA,10642,2357,7881,404,-5524,22.148,74.056,-37.489
2026-10-04 22:24:36,2026-10-04 22:28:07,CE,2507,574,1797,136,-1223,22.896,71.679,-31.909
2026-10-04 22:24:36,2026-10-04 22:28:07,GO,222,92,91,39,1,41.441,40.991,22.547
2026-10-04 22:24:36,2026-10-04 22:28:07,PA,817,195,602,20,-407,23.868,73.684,-5.372
2026-10-04 22:24:36,2026-10-04 22:28:07,PI,762,158,581,23,-423,20.735,76.247,-46.863
2026-10-04 22:28:07,2026-10-04 22:31:37,BR,11764,2803,8494,467,-5691,23.827,72.203,1.92
2026-10-04 22:28:07,2026-10-04 22:31:37,AM,1290,491,714,85,-223,38.062,55.349,-3.0
2026-10-04 22:28:07,2026-10-04 22:31:37,BA,2805,479,2258,68,-1779,17.077,80.499,-37.507
2026-10-04 22:28:07,2026-10-04 22:31:37,CE,7280,1715,5266,299,-3551,23.558,72.335,-31.916
2026-10-04 22:28:07,2026-10-04 22:31:37,MA,255,70,177,8,-107,27.451,69.412,-33.003
2026-10-04 22:28:07,2026-10-04 22:31:37,PI,134,48,79,7,-31,35.821,58.955,-46.866
