horario,coleta_id,secoes_pct,validos,votos_flavio,votos_lula,pct_flavio,pct_lula,dif_votos,dif_pp,proj_flavio,proj_lula
2026-10-04 18:18:19,20261004-181819,20.804,23967080,12250124,9776775,51.112,40.793,2473349,10.32,49.009,43.067
2026-10-04 18:22:15,20261004-182215,24.639,28376976,14435720,11644506,50.871,41.035,2791214,9.836,48.787,43.276
2026-10-04 18:27:47,20261004-182747,30.187,34752498,17618148,14319713,50.696,41.205,3298435,9.491,48.596,43.463
2026-10-04 18:28:35,20261004-182835,30.752,35400258,17899731,14642309,50.564,41.362,3257422,9.202,48.617,43.441
2026-10-04 18:35:03,20261004-183503,36.904,42570545,21512840,17600163,50.535,41.344,3912677,9.191,48.437,43.599
2026-10-04 18:41:51,20261004-184151,43.178,49932237,25163416,20702504,50.395,41.461,4460912,8.934,48.265,43.773
2026-10-04 18:46:28,20261004-184628,47.133,54604457,27409251,22750816,50.196,41.665,4658435,8.531,48.158,43.881
2026-10-04 18:52:58,20261004-185258,52.774,61331405,30684956,25633169,50.031,41.795,5051787,8.237,48.033,44.005
2026-10-04 19:14:28,20261004-191428,69.838,81907268,40367315,34884592,49.284,42.59,5482723,6.694,47.734,44.328
2026-10-04 19:28:08,20261004-192808,73.584,86457287,42407111,37039226,49.05,42.841,5367885,6.209,47.65,44.423
2026-10-04 19:30:36,20261004-193036,82.397,97291934,47311407,42132895,48.628,43.306,5178512,5.323,47.508,44.593
2026-10-04 19:34:06,20261004-193406,83.451,98609875,47831818,42851659,48.506,43.456,4980159,5.05,47.481,44.628
2026-10-04 19:37:36,20261004-193736,84.025,99357147,48149381,43232038,48.461,43.512,4917343,4.949,47.483,44.627
2026-10-04 19:41:46,20261004-194146,84.925,100448357,48688139,43682192,48.471,43.487,5005947,4.984,47.463,44.647
2026-10-04 20:03:50,20261004-200350,84.955,100487185,48702656,43703596,48.467,43.492,4999060,4.975,47.462,44.649
2026-10-04 20:06:52,20261004-200652,85.398,101059197,48955831,43975682,48.443,43.515,4980149,4.928,47.457,44.651
2026-10-04 20:07:27,20261004-200727,85.434,101109890,48974076,44005100,48.436,43.522,4968976,4.914,47.459,44.648
2026-10-04 20:10:57,20261004-201057,87.093,103186162,49851910,45055878,48.313,43.665,4796032,4.648,47.434,44.676
2026-10-04 20:14:27,20261004-201427,89.08,105663731,50869642,46343056,48.143,43.859,4526586,4.284,47.383,44.737
2026-10-04 20:17:56,20261004-201756,89.994,106795945,51320200,46949848,48.054,43.962,4370352,4.092,47.367,44.756
2026-10-04 20:21:17,20261004-202117,90.462,107377243,51570841,47237572,48.028,43.992,4333269,4.036,47.354,44.771
2026-10-04 20:23:11,20261004-202311,90.602,107557206,51638377,47339653,48.01,44.013,4298724,3.997,47.354,44.772
2026-10-04 20:26:41,20261004-202641,90.968,108021569,51827570,47582433,47.979,44.049,4245137,3.93,47.348,44.778
2026-10-04 20:30:11,20261004-203011,91.356,108506411,52027760,47832339,47.949,44.083,4195421,3.867,47.338,44.79
2026-10-04 20:33:41,20261004-203341,91.626,108848267,52166045,48011878,47.925,44.109,4154167,3.816,47.333,44.795
2026-10-04 20:37:02,20261004-203702,91.945,109246120,52325750,48221941,47.897,44.141,4103809,3.756,47.325,44.804
2026-10-04 20:40:32,20261004-204032,92.343,109748717,52525848,48491181,47.86,44.184,4034667,3.676,47.315,44.815
2026-10-04 20:44:02,20261004-204402,92.73,110234468,52723620,48746490,47.829,44.221,3977130,3.608,47.308,44.824
2026-10-04 20:47:33,20261004-204733,93.172,110784693,52946476,49036358,47.792,44.263,3910118,3.529,47.295,44.839
2026-10-04 20:51:04,20261004-205104,94.027,111873805,53364382,49639052,47.701,44.371,3725330,3.33,47.272,44.866
2026-10-04 20:54:34,20261004-205434,95.356,113573677,54052127,50537746,47.592,44.498,3514381,3.094,47.236,44.908
2026-10-04 20:58:12,20261004-205812,96.833,115415831,54787205,51524296,47.469,44.642,3262909,2.827,47.195,44.959
2026-10-04 21:01:42,20261004-210142,98.21,117129094,55429355,52492796,47.323,44.816,2936559,2.507,47.15,45.014
2026-10-04 21:04:00,20261004-210400,98.545,117556593,55579970,52743704,47.279,44.867,2836266,2.413,47.14,45.027
2026-10-04 21:07:31,20261004-210731,98.715,117757626,55643314,52871131,47.252,44.898,2772183,2.354,47.127,45.042
2026-10-04 21:11:01,20261004-211101,98.863,117936793,55705644,52977928,47.233,44.921,2727716,2.313,47.119,45.053
2026-10-04 21:14:32,20261004-211432,98.959,118052316,55742893,53050406,47.219,44.938,2692487,2.281,47.113,45.06
2026-10-04 21:18:02,20261004-211802,99.097,118217233,55794086,53155405,47.196,44.964,2638681,2.232,47.103,45.072
2026-10-04 21:21:33,20261004-212133,99.169,118304558,55819664,53212725,47.183,44.979,2606939,2.204,47.098,45.077
2026-10-04 21:25:03,20261004-212503,99.242,118394700,55850465,53267147,47.173,44.991,2583318,2.182,47.093,45.083
2026-10-04 21:28:30,20261004-212830,99.298,118464387,55873440,53310338,47.165,45.001,2563102,2.164,47.092,45.085
2026-10-04 21:32:01,20261004-213201,99.369,118550198,55901162,53363905,47.154,45.014,2537257,2.14,47.087,45.091
2026-10-04 21:35:31,20261004-213531,99.433,118629448,55923797,53416957,47.142,45.028,2506840,2.113,47.082,45.097
2026-10-04 21:39:01,20261004-213901,99.489,118700231,55948993,53459264,47.135,45.037,2489729,2.097,47.08,45.101
2026-10-04 21:42:31,20261004-214231,99.539,118762433,55965184,53502652,47.124,45.05,2462532,2.073,47.075,45.106
2026-10-04 21:46:02,20261004-214602,99.586,118817496,55982458,53537966,47.116,45.059,2444492,2.057,47.071,45.111
2026-10-04 21:49:32,20261004-214932,99.615,118851975,55990816,53562684,47.11,45.067,2428132,2.043,47.067,45.115
2026-10-04 21:53:02,20261004-215302,99.672,118916274,56009199,53605667,47.1,45.078,2403532,2.021,47.061,45.122
2026-10-04 21:56:33,20261004-215633,99.703,118953594,56019977,53630797,47.094,45.085,2389180,2.008,47.059,45.126
2026-10-04 22:00:03,20261004-220003,99.742,119000966,56033345,53662789,47.086,45.094,2370556,1.992,47.055,45.13
2026-10-04 22:03:36,20261004-220336,99.766,119027148,56039293,53682157,47.081,45.101,2357136,1.98,47.053,45.133
2026-10-04 22:07:06,20261004-220706,99.79,119055199,56046236,53702211,47.076,45.107,2344025,1.969,47.051,45.135
2026-10-04 22:10:36,20261004-221036,99.839,119112191,56063688,53738917,47.068,45.116,2324771,1.952,47.048,45.139
2026-10-04 22:14:06,20261004-221406,99.85,119123997,56066954,53746823,47.066,45.118,2320131,1.948,47.047,45.141
2026-10-04 22:17:36,20261004-221736,99.863,119139713,56069981,53758929,47.062,45.123,2311052,1.94,47.044,45.143
2026-10-04 22:21:06,20261004-222106,99.874,119153415,56073037,53769035,47.06,45.126,2304002,1.934,47.043,45.145
2026-10-04 22:24:36,20261004-222436,99.884,119166393,56075719,53778876,47.057,45.129,2296843,1.927,47.042,45.146
2026-10-04 22:28:07,20261004-222807,99.898,119182926,56079358,53791112,47.053,45.133,2288246,1.92,47.041,45.148
2026-10-04 22:31:37,20261004-223137,99.908,119194690,56082161,53799606,47.051,45.136,2282555,1.915,47.04,45.149
2026-10-04 22:35:10,20261004-223510,99.916,119204844,56084734,53806818,47.049,45.138,2277916,1.911,47.039,45.149
2026-10-04 22:38:40,20261004-223840,99.92,119209783,56085900,53810434,47.048,45.139,2275466,1.909,47.038,45.15
2026-10-04 22:42:10,20261004-224210,99.932,119222394,56089297,53819200,47.046,45.142,2270097,1.904,47.037,45.152
2026-10-04 22:45:40,20261004-224540,99.939,119231177,56090828,53826170,47.044,45.144,2264658,1.899,47.036,45.153
2026-10-04 22:49:11,20261004-224911,99.948,119241494,56093968,53832942,47.042,45.146,2261026,1.896,47.035,45.154
2026-10-04 22:52:41,20261004-225241,99.954,119248279,56095520,53837928,47.041,45.148,2257592,1.893,47.035,45.155
2026-10-04 22:56:11,20261004-225611,99.962,119256764,56097881,53843603,47.04,45.149,2254278,1.89,47.034,45.156
2026-10-04 22:59:42,20261004-225942,99.966,119260207,56098457,53846396,47.039,45.15,2252061,1.888,47.033,45.156
2026-10-04 23:03:12,20261004-230312,99.973,119269106,56099770,53853559,47.036,45.153,2246211,1.883,47.032,45.158
2026-10-04 23:06:45,20261004-230645,99.978,119274399,56100550,53857857,47.035,45.155,2242693,1.88,47.032,45.158
2026-10-04 23:10:15,20261004-231015,99.978,119274677,56100585,53858095,47.035,45.155,2242490,1.88,47.032,45.158
2026-10-04 23:13:46,20261004-231346,99.986,119283460,56101926,53865290,47.032,45.157,2236636,1.875,47.031,45.159
2026-10-04 23:17:16,20261004-231716,99.987,119285359,56102126,53866947,47.032,45.158,2235179,1.874,47.03,45.16
2026-10-04 23:20:46,20261004-232046,99.988,119285606,56102160,53867157,47.032,45.158,2235003,1.874,47.03,45.16
2026-10-04 23:24:16,20261004-232416,99.991,119289805,56102908,53870434,47.031,45.159,2232474,1.871,47.03,45.16
2026-10-04 23:27:47,20261004-232747,99.991,119290243,56103033,53870724,47.031,45.159,2232309,1.871,47.03,45.16
2026-10-04 23:31:17,20261004-233117,99.991,119290243,56103033,53870724,47.031,45.159,2232309,1.871,47.03,45.16
2026-10-04 23:34:47,20261004-233447,99.992,119291224,56103231,53871483,47.03,45.16,2231748,1.871,47.03,45.161
2026-10-04 23:38:20,20261004-233820,99.994,119293618,56103514,53873526,47.03,45.16,2229988,1.869,47.029,45.161
2026-10-04 23:41:51,20261004-234151,99.995,119295063,56103542,53874921,47.029,45.161,2228621,1.868,47.029,45.162
2026-10-04 23:45:22,20261004-234522,99.996,119295339,56103627,53875105,47.029,45.161,2228522,1.868,47.029,45.162
2026-10-04 23:48:52,20261004-234852,99.996,119296423,56103853,53875926,47.029,45.161,2227927,1.868,47.029,45.162
2026-10-04 23:52:24,20261004-235224,99.997,119296703,56103980,53876067,47.029,45.161,2227913,1.868,47.029,45.162
2026-10-04 23:55:54,20261004-235554,99.997,119296703,56103980,53876067,47.029,45.161,2227913,1.868,47.029,45.162
2026-10-04 23:59:24,20261004-235924,99.997,119297226,56104103,53876434,47.029,45.162,2227669,1.867,47.029,45.162
2026-10-05 00:12:00,20261005-001200,99.997,119297226,56104103,53876434,47.029,45.162,2227669,1.867,47.029,45.162
2026-10-05 00:15:30,20261005-001530,99.997,119297583,56104268,53876617,47.029,45.162,2227651,1.867,47.029,45.162
2026-10-05 00:31:05,20261005-003105,99.997,119297583,56104268,53876617,47.029,45.162,2227651,1.867,47.029,45.162
2026-10-05 00:34:35,20261005-003435,99.997,119297919,56104279,53876933,47.029,45.162,2227346,1.867,47.029,45.162
2026-10-05 06:41:41,20261005-064141,100.0,119300788,56104503,53879538,47.028,45.163,2224965,1.865,47.028,45.163
