horario,uf,urnas_pct,eleitorado,flavio_pct,lula_pct,fonte
2026-10-04 18:13,SP,3.9,32750050,,,uol-barra-estimada
2026-10-04 18:13,MG,13.05,14323875,49.12,41.48,g1
2026-10-04 18:13,RJ,2.7,12518569,,,uol-barra-estimada
2026-10-04 18:13,BA,4.9,10729345,,,uol-barra-estimada
2026-10-04 18:13,RS,23.6,6501096,,,uol-barra-estimada
2026-10-04 18:13,PE,6.6,6746152,,,uol-barra-estimada
2026-10-04 18:13,CE,5.5,6607782,,,uol-barra-estimada
2026-10-04 18:13,PR,38.98,4861763,,,uol
2026-10-04 18:13,SC,11.3,5081800,,,uol-barra-estimada
2026-10-04 18:13,PA,24.0,4756008,,,uol-barra-estimada
2026-10-04 18:18,AC,45.594713656,613742,63.610236108,29.275592649,tse
2026-10-04 18:18,AL,7.393324884,2442126,38.68218915,56.577052328,tse
2026-10-04 18:18,AM,34.792203016,2798611,50.244941714,41.857457811,tse
2026-10-04 18:18,AP,21.473354232,576988,40.972392789,51.525273862,tse
2026-10-04 18:18,BA,8.182996956,11312752,29.749869276,64.279459624,tse
2026-10-04 18:18,CE,10.145171471,6996545,33.724757567,60.179543638,tse
2026-10-04 18:18,DF,84.316257713,2258320,51.179683766,38.18698096,tse
2026-10-04 18:18,ES,48.496546119,2991650,56.231222867,36.207694211,tse
2026-10-04 18:18,GO,21.847507331,5080590,56.871211595,28.329084037,tse
2026-10-04 18:18,MA,16.686011165,5183115,33.992287017,60.479638839,tse
2026-10-04 18:18,MG,13.051745995,16372372,49.115923161,41.482412318,tse
2026-10-04 18:18,MS,64.382212215,2024430,60.12000928,32.714964376,tse
2026-10-04 18:18,MT,38.747435743,2637801,65.052329483,28.777618338,tse
2026-10-04 18:18,PA,30.028328612,6262397,45.768158991,47.372524335,tse
2026-10-04 18:18,PB,52.352501867,3248531,33.493096034,60.683989796,tse
2026-10-04 18:18,PE,11.975908115,7223450,33.095155639,61.111337462,tse
2026-10-04 18:18,PI,25.584352078,2704758,27.151470279,67.351376893,tse
2026-10-04 18:18,PR,54.981209933,8613657,60.246006167,30.666180438,tse
2026-10-04 18:18,RJ,5.627073656,12857648,52.012250254,40.398777552,tse
2026-10-04 18:18,RN,19.568699938,2659825,33.986913991,60.541687361,tse
2026-10-04 18:18,RO,42.677735206,1265893,63.106789163,29.20204181,tse
2026-10-04 18:18,RR,16.85319289,401521,67.806250628,27.633403678,tse
2026-10-04 18:18,RS,33.114313718,8522545,57.622947905,33.833603983,tse
2026-10-04 18:18,SC,16.449266998,5734651,61.962196021,29.380350434,tse
2026-10-04 18:18,SE,12.35860206,1740135,34.900492162,57.94797505,tse
2026-10-04 18:18,SP,7.438064367,34122892,58.298986148,32.810130826,tse
2026-10-04 18:18,TO,65.533759124,1182023,50.593584958,43.166691529,tse
2026-10-04 18:18,ZZ,62.176165803,916534,38.114062685,52.291193609,tse
2026-10-04 18:22,AC,50.925110132,613742,63.768115942,29.11088444,tse
2026-10-04 18:22,AL,9.308548092,2442126,38.67449492,56.775161509,tse
2026-10-04 18:22,AM,37.146009562,2798611,50.280800391,41.810040955,tse
2026-10-04 18:22,AP,26.071055381,576988,42.068471595,50.348006779,tse
2026-10-04 18:22,BA,11.044086143,11312752,29.707161162,64.348987878,tse
2026-10-04 18:22,CE,12.059751736,6996545,33.578097915,60.371997921,tse
2026-10-04 18:22,DF,86.597790214,2258320,51.19645213,38.184809035,tse
2026-10-04 18:22,ES,53.18976026,2991650,56.349354021,36.121663505,tse
2026-10-04 18:22,GO,26.016830295,5080590,56.672456873,28.514942385,tse
2026-10-04 18:22,MA,19.886143813,5183115,34.178217498,60.310716016,tse
2026-10-04 18:22,MG,17.886366256,16372372,49.055361713,41.772985749,tse
2026-10-04 18:22,MS,69.814241486,2024430,59.847335894,33.056538907,tse
2026-10-04 18:22,MT,42.850247375,2637801,65.062089705,28.810050089,tse
2026-10-04 18:22,PA,33.999135737,6262397,46.09100405,47.141382268,tse
2026-10-04 18:22,PB,59.120612397,3248531,33.416536077,60.789011961,tse
2026-10-04 18:22,PE,15.197497432,7223450,33.333732145,60.807593372,tse
2026-10-04 18:22,PI,30.885085575,2704758,26.889152509,67.645305239,tse
2026-10-04 18:22,PR,59.004494879,8613657,60.230619577,30.674572591,tse
2026-10-04 18:22,RJ,6.840079628,12857648,52.195699531,40.251094083,tse
2026-10-04 18:22,RN,22.526186075,2659825,33.720210751,60.799129995,tse
2026-10-04 18:22,RO,47.126436782,1265893,63.784433163,28.699525314,tse
2026-10-04 18:22,RR,18.1040158,401521,68.119946972,27.35216685,tse
2026-10-04 18:22,RS,40.262097506,8522545,57.241571659,34.176028032,tse
2026-10-04 18:22,SC,19.98730232,5734651,63.003053075,28.418229034,tse
2026-10-04 18:22,SE,18.250886375,1740135,34.844255038,57.906709763,tse
2026-10-04 18:22,SP,11.597013197,34122892,57.057161891,33.810361229,tse
2026-10-04 18:22,TO,65.533759124,1182023,50.593584958,43.166691529,tse
2026-10-04 18:22,ZZ,62.176165803,916534,38.114062685,52.291193609,tse
2026-10-04 18:27,AC,63.083700441,613742,64.271393248,28.721615236,tse
2026-10-04 18:27,AL,11.927897479,2442126,38.030124245,57.382896135,tse
2026-10-04 18:27,AM,43.128601201,2798611,50.118041129,42.003746826,tse
2026-10-04 18:27,AP,29.20585162,576988,42.38717084,49.983855923,tse
2026-10-04 18:27,BA,14.705716541,11312752,29.596802299,64.500273216,tse
2026-10-04 18:27,CE,15.375552283,6996545,33.334861965,60.633324327,tse
2026-10-04 18:27,DF,89.022815325,2258320,51.242405745,38.150021892,tse
2026-10-04 18:27,ES,64.953271028,2991650,56.120237385,36.378551111,tse
2026-10-04 18:27,GO,34.138722428,5080590,56.326980644,28.810479749,tse
2026-10-04 18:27,MA,24.573039297,5183115,33.973868609,60.491351462,tse
2026-10-04 18:27,MG,24.213437824,16372372,49.303796724,41.625409865,tse
2026-10-04 18:27,MS,76.329862088,2024430,59.870830644,33.043295004,tse
2026-10-04 18:27,MT,51.031736455,2637801,65.399161444,28.57560212,tse
2026-10-04 18:27,PA,37.158496183,6262397,46.038597495,47.287421948,tse
2026-10-04 18:27,PB,65.580657207,3248531,33.289778828,60.972019145,tse
2026-10-04 18:27,PE,19.955177888,7223450,32.989241058,61.207533682,tse
2026-10-04 18:27,PI,37.33007335,2704758,26.656270907,67.905052061,tse
2026-10-04 18:27,PR,67.338442267,8613657,60.266550903,30.639380754,tse
2026-10-04 18:27,RJ,9.754479098,12857648,53.116435011,39.401079753,tse
2026-10-04 18:27,RN,27.332101047,2659825,33.463007252,61.104574911,tse
2026-10-04 18:27,RO,55.342699021,1265893,64.822836544,27.953775061,tse
2026-10-04 18:27,RR,26.398946675,401521,69.193487315,25.938407169,tse
2026-10-04 18:27,RS,47.860021055,8522545,56.788391749,34.619322617,tse
2026-10-04 18:27,SC,26.353457232,5734651,62.655349245,28.679854072,tse
2026-10-04 18:27,SE,27.891271315,1740135,34.242919451,58.580599462,tse
2026-10-04 18:27,SP,16.548969669,34122892,56.19796607,34.511667699,tse
2026-10-04 18:27,TO,77.554744526,1182023,50.459798648,43.357461009,tse
2026-10-04 18:27,ZZ,62.176165803,916534,38.114062685,52.291193609,tse
2026-10-04 18:28,AC,63.083700441,613742,64.271393248,28.721615236,tse
2026-10-04 18:28,AL,11.927897479,2442126,38.030124245,57.382896135,tse
2026-10-04 18:28,AM,44.158391566,2798611,50.01976668,42.131340936,tse
2026-10-04 18:28,AP,29.20585162,576988,42.38717084,49.983855923,tse
2026-10-04 18:28,BA,16.625324163,11312752,29.738072314,64.314812796,tse
2026-10-04 18:28,CE,15.375552283,6996545,33.334861965,60.633324327,tse
2026-10-04 18:28,DF,90.055962118,2258320,51.237273113,38.154904397,tse
2026-10-04 18:28,ES,64.953271028,2991650,56.120237385,36.378551111,tse
2026-10-04 18:28,GO,34.138722428,5080590,56.326980644,28.810479749,tse
2026-10-04 18:28,MA,25.562372188,5183115,33.904741889,60.586365428,tse
2026-10-04 18:28,MG,24.213437824,16372372,49.303796724,41.625409865,tse
2026-10-04 18:28,MS,77.793414016,2024430,59.822829951,33.097255836,tse
2026-10-04 18:28,MT,51.031736455,2637801,65.399161444,28.57560212,tse
2026-10-04 18:28,PA,38.421280069,6262397,45.988983751,47.351962745,tse
2026-10-04 18:28,PB,67.13965646,3248531,33.425896299,60.818431,tse
2026-10-04 18:28,PE,20.720888972,7223450,32.94403964,61.25568876,tse
2026-10-04 18:28,PI,38.444987775,2704758,26.616367414,67.939071749,tse
2026-10-04 18:28,PR,67.338442267,8613657,60.266550903,30.639380754,tse
2026-10-04 18:28,RJ,10.802919708,12857648,53.207561537,39.308949371,tse
2026-10-04 18:28,RN,27.332101047,2659825,33.463007252,61.104574911,tse
2026-10-04 18:28,RO,57.939548744,1265893,65.049594133,27.761877098,tse
2026-10-04 18:28,RR,26.398946675,401521,69.193487315,25.938407169,tse
2026-10-04 18:28,RS,47.860021055,8522545,56.788391749,34.619322617,tse
2026-10-04 18:28,SC,27.784832044,5734651,62.870548544,28.483366356,tse
2026-10-04 18:28,SE,30.45753841,1740135,34.218948761,58.60784613,tse
2026-10-04 18:28,SP,16.548969669,34122892,56.19796607,34.511667699,tse
2026-10-04 18:28,TO,79.265510949,1182023,50.653866849,43.145166284,tse
2026-10-04 18:28,ZZ,62.176165803,916534,38.114062685,52.291193609,tse
2026-10-04 18:35,AC,70.572687225,613742,64.436657434,28.551973191,tse
2026-10-04 18:35,AL,15.321785664,2442126,38.427666551,56.964500295,tse
2026-10-04 18:35,AM,48.142699522,2798611,49.856113317,42.322788664,tse
2026-10-04 18:35,AP,37.826541275,576988,43.063505778,48.965871044,tse
2026-10-04 18:35,BA,21.149509528,11312752,29.652919245,64.427282753,tse
2026-10-04 18:35,CE,19.633915422,6996545,33.418713564,60.582227126,tse
2026-10-04 18:35,DF,91.863969006,2258320,51.283218095,38.115556094,tse
2026-10-04 18:35,ES,74.400650142,2991650,55.922833412,36.602202528,tse
2026-10-04 18:35,GO,42.694122147,5080590,56.092234265,28.940540772,tse
2026-10-04 18:35,MA,30.321118665,5183115,33.658912465,60.844564699,tse
2026-10-04 18:35,MG,30.569321194,16372372,49.384573388,41.662373803,tse
2026-10-04 18:35,MS,83.098789755,2024430,59.746123138,33.224698502,tse
2026-10-04 18:35,MT,60.576807047,2637801,65.729674095,28.339513271,tse
2026-10-04 18:35,PA,43.217938253,6262397,46.02573946,47.413337615,tse
2026-10-04 18:35,PB,70.603061987,3248531,33.548453634,60.660986461,tse
2026-10-04 18:35,PE,23.825754039,7223450,32.962601604,61.253123279,tse
2026-10-04 18:35,PI,43.941320293,2704758,26.237928953,68.387653044,tse
2026-10-04 18:35,PR,78.284577408,8613657,60.104425769,30.831498352,tse
2026-10-04 18:35,RJ,15.206370272,12857648,53.040549337,39.446544513,tse
2026-10-04 18:35,RN,33.03758472,2659825,33.692836674,60.906701604,tse
2026-10-04 18:35,RO,63.686675181,1265893,65.570955834,27.385049978,tse
2026-10-04 18:35,RR,36.273864384,401521,69.859710457,24.984088566,tse
2026-10-04 18:35,RS,53.944168149,8522545,56.507947737,34.89237135,tse
2026-10-04 18:35,SC,33.031282466,5734651,63.547067729,27.829847802,tse
2026-10-04 18:35,SE,37.16022286,1740135,33.788471228,59.114001008,tse
2026-10-04 18:35,SP,24.47132824,34122892,55.404676018,35.098086963,tse
2026-10-04 18:35,TO,82.869525547,1182023,50.717042092,43.087955502,tse
2026-10-04 18:35,ZZ,62.176165803,916534,38.114062685,52.291193609,tse
2026-10-04 18:41,AC,79.162995595,613742,64.51558381,28.499848701,tse
2026-10-04 18:41,AL,17.70173215,2442126,37.5157064,57.98167469,tse
2026-10-04 18:41,AM,53.218094888,2798611,49.705350809,42.505001441,tse
2026-10-04 18:41,AP,44.670846395,576988,43.032630421,48.896224932,tse
2026-10-04 18:41,BA,24.653286729,11312752,29.79544546,64.348826067,tse
2026-10-04 18:41,CE,23.37050284,6996545,33.486874663,60.533515348,tse
2026-10-04 18:41,DF,94.504233032,2258320,51.222210297,38.182582372,tse
2026-10-04 18:41,ES,81.013815522,2991650,55.730289223,36.808635986,tse
2026-10-04 18:41,GO,50.497258702,5080590,55.706102648,29.22733955,tse
2026-10-04 18:41,MA,35.477809097,5183115,33.312041456,61.260254213,tse
2026-10-04 18:41,MG,34.823863855,16372372,49.507833564,41.616144705,tse
2026-10-04 18:41,MS,88.193076274,2024430,59.447057125,33.61783275,tse
2026-10-04 18:41,MT,67.093037287,2637801,65.701638094,28.383397732,tse
2026-10-04 18:41,PA,48.173044606,6262397,45.954791646,47.60140915,tse
2026-10-04 18:41,PB,76.148244959,3248531,33.593073823,60.608353093,tse
2026-10-04 18:41,PE,30.343636194,7223450,32.895707149,61.306596712,tse
2026-10-04 18:41,PI,49.701711491,2704758,26.041263044,68.604689908,tse
2026-10-04 18:41,PR,83.37263282,8613657,60.051990045,30.906759929,tse
2026-10-04 18:41,RJ,22.213669542,12857648,53.211595681,39.340489944,tse
2026-10-04 18:41,RN,38.163894023,2659825,34.026154509,60.557058141,tse
2026-10-04 18:41,RO,70.412941677,1265893,66.135352231,26.919817785,tse
2026-10-04 18:41,RR,49.045424621,401521,70.616481197,23.967319069,tse
2026-10-04 18:41,RS,62.776345882,8522545,56.02278765,35.333233597,tse
2026-10-04 18:41,SC,40.880757243,5734651,64.434612642,26.995324515,tse
2026-10-04 18:41,SE,43.356407226,1740135,32.867261702,60.166347685,tse
2026-10-04 18:41,SP,33.424017905,34122892,54.642697402,35.740510825,tse
2026-10-04 18:41,TO,86.815693431,1182023,50.588465527,43.219745318,tse
2026-10-04 18:41,ZZ,62.324204293,916534,38.15176771,52.257944112,tse
2026-10-04 18:46,AC,82.863436123,613742,64.519480925,28.552752538,tse
2026-10-04 18:46,AL,20.236586396,2442126,37.216498026,58.345261599,tse
2026-10-04 18:46,AM,56.969474071,2798611,49.493214114,42.771874632,tse
2026-10-04 18:46,AP,49.111807732,576988,43.267629025,48.657981479,tse
2026-10-04 18:46,BA,28.489683166,11312752,29.873447298,64.320737795,tse
2026-10-04 18:46,CE,26.854618136,6996545,33.245721344,60.814882016,tse
2026-10-04 18:46,DF,95.336490171,2258320,51.238759667,38.16550639,tse
2026-10-04 18:46,ES,83.858187729,2991650,55.5909429,36.949615704,tse
2026-10-04 18:46,GO,56.03085554,5080590,55.561340588,29.321383879,tse
2026-10-04 18:46,MA,38.666887747,5183115,33.207092171,61.399062822,tse
2026-10-04 18:46,MG,37.201797856,16372372,49.46616039,41.655400277,tse
2026-10-04 18:46,MS,90.416549395,2024430,59.382866122,33.70754703,tse
2026-10-04 18:46,MT,71.895740316,2637801,65.751352339,28.363449757,tse
2026-10-04 18:46,PA,51.337206511,6262397,45.826429706,47.790615781,tse
2026-10-04 18:46,PB,79.546303211,3248531,33.456098534,60.779742675,tse
2026-10-04 18:46,PE,33.999439724,7223450,32.834625846,61.362863009,tse
2026-10-04 18:46,PI,53.281173594,2704758,25.891511491,68.783001706,tse
2026-10-04 18:46,PR,86.382727876,8613657,60.056872111,30.930800778,tse
2026-10-04 18:46,RJ,26.234903782,12857648,53.288791917,39.233130463,tse
2026-10-04 18:46,RN,43.807763401,2659825,34.16894622,60.388024484,tse
2026-10-04 18:46,RO,74.372073223,1265893,66.419925881,26.67480342,tse
2026-10-04 18:46,RR,54.707044108,401521,70.946076508,23.484737585,tse
2026-10-04 18:46,RS,67.69158166,8522545,55.882256853,35.476193325,tse
2026-10-04 18:46,SC,47.800992728,5734651,65.021210024,26.425008662,tse
2026-10-04 18:46,SE,52.23704204,1740135,32.600556584,60.460125231,tse
2026-10-04 18:46,SP,38.156980783,34122892,54.218882871,36.116358653,tse
2026-10-04 18:46,TO,89.073905109,1182023,50.496900665,43.307340735,tse
2026-10-04 18:46,ZZ,62.916358253,916534,38.218609196,52.20264915,tse
2026-10-04 18:52,AC,86.475770925,613742,64.559509606,28.558832101,tse
2026-10-04 18:52,AL,22.348964935,2442126,37.341198831,58.230429805,tse
2026-10-04 18:52,AM,60.353070982,2798611,49.34121351,42.944176853,tse
2026-10-04 18:52,AP,53.343782654,576988,43.473230251,48.342411312,tse
2026-10-04 18:52,BA,33.354944188,11312752,30.024693859,64.190105847,tse
2026-10-04 18:52,CE,30.944666526,6996545,33.272542249,60.820823058,tse
2026-10-04 18:52,DF,96.355287703,2258320,51.245276941,38.160904946,tse
2026-10-04 18:52,ES,86.418122714,2991650,55.510266299,37.029465626,tse
2026-10-04 18:52,GO,61.781206171,5080590,55.350439597,29.493214139,tse
2026-10-04 18:52,MA,42.502625325,5183115,33.140676611,61.471569957,tse
2026-10-04 18:52,MG,44.579539779,16372372,49.329778783,41.824403568,tse
2026-10-04 18:52,MS,92.034900084,2024430,59.326749362,33.801492257,tse
2026-10-04 18:52,MT,74.996983227,2637801,65.781067588,28.360622885,tse
2026-10-04 18:52,PA,55.408844289,6262397,45.66942389,48.009398462,tse
2026-10-04 18:52,PB,82.552277819,3248531,33.482104536,60.7640054,tse
2026-10-04 18:52,PE,37.949388365,7223450,32.671272132,61.551754381,tse
2026-10-04 18:52,PI,57.926650367,2704758,25.77315056,68.964329904,tse
2026-10-04 18:52,PR,89.385454278,8613657,60.071865024,30.930294809,tse
2026-10-04 18:52,RJ,30.821499668,12857648,53.353291289,39.186136554,tse
2026-10-04 18:52,RN,47.652495379,2659825,34.343945026,60.207394156,tse
2026-10-04 18:52,RO,79.225202214,1265893,66.574166786,26.552190479,tse
2026-10-04 18:52,RR,61.026991442,401521,70.720158701,23.657957245,tse
2026-10-04 18:52,RS,73.075107997,8522545,55.744486486,35.599476728,tse
2026-10-04 18:52,SC,55.465773981,5734651,65.470992143,26.012557521,tse
2026-10-04 18:52,SE,56.289042715,1740135,32.31616813,60.794834858,tse
2026-10-04 18:52,SP,47.747356641,34122892,53.688390731,36.567784228,tse
2026-10-04 18:52,TO,90.944343066,1182023,50.384661482,43.43073186,tse
2026-10-04 18:52,ZZ,62.916358253,916534,38.218609196,52.20264915,tse
