horario,urnas_pct,lula_pct,flavio_pct,lula_votos,flavio_votos,nota
2026-10-04 18:13,12.45,40.71,51.09,5872874,7369884,"UOL; Cury 2,98%, Caiado 2,39%"
2026-10-04 18:18,19.54,40.72,51.17,9168405,11520790,TSE 04/10/2026 18:16:13
2026-10-04 18:22,21.96,40.82,51.07,10324360,12915526,TSE 04/10/2026 18:19:31
2026-10-04 18:27,24.45,40.97,50.94,11536137,14344471,TSE 04/10/2026 18:23:12
2026-10-04 18:28,27.88,41.05,50.85,13172611,16317418,TSE 04/10/2026 18:26:58
2026-10-04 18:35,31.9,41.14,50.74,15117899,18644760,TSE 04/10/2026 18:32:24
2026-10-04 18:41,36.6,41.23,50.63,17411527,21383323,TSE 04/10/2026 18:37:14
2026-10-04 18:46,41.57,41.44,50.41,19903245,24212947,TSE 04/10/2026 18:43:29
2026-10-04 18:52,47.26,41.63,50.2,22791778,27484298,TSE 04/10/2026 18:48:59
